Year,2021,2022,2023,2024,2025,2026,2027,2028,2029,2030,2031,2032,2033,2034,2035,2036,2037,2038,2039,2040,2041,2042,2043,2044,2045,2046,2047,2048,2049,2050,2051,2052,2053,2054,2055,2056,2057,2058,2059,2060,2061,2062,2063,2064,2065
1600000US0107000,0,0.010959,0,0,0,0.0027397,0,0,0,0,0,0,0,0.0027397,0,0,0,0.0027397,0.0027397,0,0,0,0.0082192,0,0.0027397,0.0027397,0.0027397,0.0054645,0,0,0,0,0,0,0,0.0081967,0,0,0,0.0027322,0,0,0,0,0.0027397
1600000US0137000,0,0.0054795,0,0,0.0082192,0.0027397,0,0.0054645,0,0,0,0,0,0.0054795,0.0054795,0.0027322,0,0.0027397,0,0,0,0,0,0,0.0082192,0,0,0,0,0.0027397,0,0.0081967,0,0,0,0.0054645,0,0,0.0054795,0,0,0,0,0,0
1600000US0150000,0.013699,0,0.0027397,0,0,0.0054795,0,0,0,0,0.010959,0,0.0054795,0.0082192,0,0,0,0.0082192,0.0027397,0,0.0054795,0,0,0.0027322,0.0027397,0,0,0,0,0,0.0054795,0,0,0,0.0027397,0.0027322,0,0,0,0.0054645,0,0,0.0027397,0,0
1600000US0151000,0.0027397,0,0.0027397,0,0,0.0054795,0,0,0,0,0,0,0,0.0054795,0.0027397,0.0027322,0,0.010959,0,0,0,0,0.0054795,0.0027322,0.0027397,0,0,0.0054645,0,0,0,0,0,0,0,0,0,0,0,0,0,0,0,0,0.0027397
1600000US0541000,0.0054795,0.0054795,0,0,0,0,0,0,0,0,0,0,0,0.010959,0.0054795,0,0,0,0,0,0,0,0.0027397,0.0027322,0.010959,0,0.0027397,0.0027322,0,0,0.0027397,0.019126,0,0,0,0,0.0027397,0.0027397,0,0,0,0,0,0,0.0027397
1600000US0412000,0.0082192,0.0054795,0.0054795,0,0.0027397,0,0.016438,0,0,0,0,0.0054645,0,0,0.027397,0,0,0.0027397,0.0054795,0.0027322,0.030137,0.0054795,0,0,0.0027397,0,0,0,0.0027397,0,0.010959,0.0054645,0,0,0.0027397,0,0.0082192,0,0.0054795,0.0081967,0.0054795,0.0054795,0.013699,0.0054645,0.019178
1600000US0427820,0.0054795,0.0054795,0.0054795,0,0,0,0.010959,0,0,0,0,0.0054645,0,0,0.010959,0,0,0.0027397,0.0082192,0.0054645,0.019178,0.0027397,0.0027397,0,0.0027397,0,0,0,0,0,0.0082192,0.0027322,0.0027397,0,0.0027397,0,0.013699,0,0,0.0081967,0,0.0027397,0.021918,0.0081967,0.019178
1600000US0446000,0.0082192,0.0054795,0.0027397,0,0.0027397,0,0.016438,0,0,0,0,0.0027322,0,0,0.030137,0,0,0.0027397,0.0054795,0.0027322,0.016438,0.010959,0.0027397,0,0.0027397,0,0,0,0,0,0.010959,0.0027322,0,0,0.0027397,0,0.0054795,0,0.0054795,0.0081967,0.0027397,0.0054795,0.032877,0.0054645,0.016438
1600000US0454050,0.0054795,0.010959,0.0054795,0,0,0,0.010959,0,0,0,0,0.013661,0,0.0027397,0.0082192,0,0,0.0027397,0.0082192,0.0054645,0.013699,0.0027397,0.0027397,0,0,0,0,0,0,0,0.0082192,0.0027322,0.0027397,0,0.010959,0,0.013699,0,0,0.0081967,0,0,0.021918,0.0081967,0.030137
1600000US0455000,0.0082192,0.0054795,0.0054795,0,0,0.0054795,0.010959,0,0,0,0.0054795,0.0054645,0,0,0.013699,0,0,0.0027397,0.0054795,0.0054645,0.024658,0.0027397,0.0027397,0,0.0027397,0,0,0,0,0,0.013699,0.0027322,0,0,0.0027397,0,0.016438,0,0,0.0081967,0.0027397,0.0027397,0.019178,0.0054645,0.019178
1600000US0465000,0.0054795,0.0054795,0.0054795,0,0.0027397,0.0054795,0.013699,0,0,0,0,0.0054645,0,0,0.013699,0,0,0.0027397,0.0054795,0.0027322,0.016438,0,0.0027397,0,0.0027397,0,0,0,0.0027397,0,0.010959,0,0,0,0.0027397,0,0.0082192,0,0,0.0081967,0.0027397,0.0054795,0.0054795,0.0054645,0.016438
1600000US0471510,0.0054795,0.010959,0.0054795,0,0,0,0.010959,0,0.0027397,0.0027397,0.010959,0.0054645,0,0,0.019178,0,0,0.0027397,0.010959,0.010929,0.019178,0.0027397,0.0027397,0,0,0.0082192,0,0,0,0,0.0054795,0,0,0,0.010959,0,0.013699,0,0,0.0081967,0,0.0027397,0.0082192,0.0081967,0.032877
1600000US0473000,0.0054795,0.0054795,0.0054795,0,0.0027397,0.0054795,0.013699,0.0027322,0,0,0,0.0054645,0,0,0.030137,0,0,0.0027397,0.0054795,0.0027322,0.021918,0,0.0027397,0,0.0027397,0,0,0,0.0027397,0,0.010959,0.0027322,0,0,0.0027397,0,0.0082192,0,0,0.0081967,0.0082192,0.0027397,0.024658,0.0054645,0.016438
1600000US0477000,0.0027397,0.0082192,0.0054795,0.0054645,0,0,0.016438,0.021858,0,0,0.0082192,0.0081967,0.0027397,0.0082192,0.024658,0.0027322,0,0,0.0027397,0.0081967,0.010959,0.0054795,0.0054795,0.0054645,0,0.0082192,0,0,0,0,0.013699,0,0,0,0,0,0.0054795,0,0,0.0081967,0.0027397,0,0.035616,0.010929,0.0082192
1600000US0602000,0,0,0.0082192,0,0.0027397,0,0.0082192,0.013661,0.027397,0.010959,0,0.0081967,0,0,0.010959,0,0.0027397,0.0027397,0.024658,0.0027322,0.0082192,0.021918,0.0027397,0.0027322,0.0027397,0,0.0027397,0.021858,0,0.0027397,0.010959,0.010929,0.010959,0,0.0054795,0.0054645,0.021918,0,0.0027397,0.010929,0,0.0027397,0,0.0081967,0
1600000US0602252,0,0,0,0.0027322,0,0.0027397,0.030137,0.0027322,0.024658,0.0027397,0.0027397,0.038251,0.0027397,0,0.0054795,0,0.0054795,0.024658,0.013699,0.010929,0.0082192,0.013699,0.0027397,0.0054645,0.0054795,0,0,0.010929,0,0.0082192,0,0.0081967,0.0054795,0.013699,0.010959,0,0.0054795,0.0054795,0.016438,0.016393,0,0.0054795,0.0082192,0.0054645,0
1600000US0603526,0,0,0.0082192,0,0,0,0.013699,0.0027322,0.030137,0.010959,0.0027397,0.0027322,0.0027397,0,0.0082192,0,0.0027397,0.0027397,0.024658,0,0.0082192,0.030137,0,0,0,0,0,0.021858,0.010959,0,0.010959,0.0054645,0.010959,0,0.0027397,0.0081967,0.016438,0,0.010959,0.019126,0.0054795,0,0.0082192,0,0
1600000US0606000,0,0,0,0.0027322,0,0,0.019178,0.0081967,0.024658,0.0027397,0.0027397,0.019126,0.0027397,0,0.0027397,0,0.0054795,0.030137,0.013699,0.0027322,0,0.024658,0.0027397,0.0054645,0.0027397,0.0027397,0,0.0081967,0.019178,0.0082192,0,0.0081967,0.0027397,0.013699,0.0082192,0,0.0054795,0.010959,0.024658,0.016393,0,0.016438,0.0082192,0.0027322,0
1600000US0608954,0,0,0.0082192,0,0.0027397,0,0.0054795,0.013661,0.027397,0.0082192,0.0027397,0.010929,0,0,0.0082192,0,0.0027397,0.0027397,0.030137,0.0027322,0.0082192,0.030137,0.0027397,0.0027322,0,0,0.0027397,0.02459,0,0.0027397,0.010959,0.010929,0.010959,0,0.010959,0.0081967,0.019178,0,0.0082192,0.019126,0.0082192,0.0027397,0,0.0081967,0
1600000US0611194,0,0,0,0,0.0082192,0,0.0027397,0.010929,0.016438,0.021918,0.0027397,0.0081967,0,0,0.010959,0,0.0027397,0.0027397,0.013699,0.010929,0.0027397,0.013699,0.0027397,0.0027322,0,0,0.0027397,0.027322,0,0,0.010959,0.0081967,0.0082192,0.0054795,0.019178,0.0054645,0.024658,0,0.0027397,0.019126,0,0,0,0.0054645,0
1600000US0613392,0.010959,0,0,0,0.010959,0,0.0027397,0.0081967,0.019178,0.010959,0.0054795,0.0054645,0,0,0.013699,0,0.0027397,0.0054795,0.010959,0.0054645,0.0082192,0.013699,0.0027397,0.0027322,0,0,0.0027397,0.032787,0,0.0027397,0.013699,0.0081967,0.0082192,0.0082192,0.019178,0.013661,0.024658,0,0,0.019126,0,0,0,0.0054645,0
1600000US0616000,0,0,0,0.0027322,0,0.0027397,0.030137,0.0081967,0.024658,0.0027397,0,0.019126,0.0027397,0,0.0054795,0,0.0054795,0.030137,0.013699,0.010929,0,0.021918,0.0027397,0.0054645,0.0027397,0.0027397,0,0.010929,0.019178,0.0082192,0,0.0081967,0.0027397,0.013699,0.0082192,0,0.0054795,0.0082192,0.024658,0.016393,0,0.016438,0.0082192,0.0081967,0
1600000US0616350,0,0,0.0054795,0,0.0027397,0,0.0054795,0.0081967,0.027397,0.010959,0,0.0081967,0,0,0.010959,0,0.0027397,0.010959,0.021918,0.0027322,0.0082192,0.027397,0.0027397,0.0027322,0,0,0.0027397,0.021858,0,0.0027397,0.019178,0.0081967,0.0082192,0,0.021918,0.0081967,0.019178,0,0.0027397,0.019126,0,0,0,0.0027322,0
1600000US0616532,0,0,0.0027397,0,0.0027397,0,0.0082192,0.0081967,0.019178,0.021918,0.0027397,0.0054645,0,0,0.010959,0,0.0054795,0.0027397,0.032877,0.0027322,0.0082192,0.030137,0.0027397,0.0027322,0,0,0.0027397,0.027322,0,0.0027397,0.019178,0.010929,0.0082192,0,0.016438,0.0054645,0.019178,0,0.0027397,0.010929,0,0,0,0.0081967,0
1600000US0617918,0,0,0,0.0027322,0.0027397,0,0.021918,0.010929,0.024658,0.0082192,0.0027397,0.019126,0.0027397,0,0.0027397,0,0.0054795,0.030137,0.013699,0.0027322,0,0.019178,0.0027397,0.0081967,0.0027397,0.0027397,0,0.013661,0.019178,0.0054795,0,0.0027322,0.0054795,0.013699,0.013699,0,0.0054795,0.010959,0.024658,0.016393,0,0.016438,0.0082192,0,0
1600000US0619766,0.0027397,0,0.0082192,0,0.0027397,0,0.0082192,0.019126,0.019178,0.0082192,0.0027397,0.0081967,0,0,0.0082192,0,0.0027397,0.0027397,0.021918,0.0027322,0.0082192,0.035616,0.0027397,0.0054645,0.0027397,0,0.0027397,0.019126,0,0.0027397,0.010959,0.010929,0.010959,0,0.0054795,0.010929,0.019178,0,0.0027397,0.010929,0,0,0,0.0054645,0
1600000US0622230,0,0,0.0054795,0,0.0027397,0,0.0027397,0.013661,0.021918,0.019178,0.0027397,0.0081967,0,0,0.0082192,0,0.0027397,0.0027397,0.024658,0.0027322,0.0082192,0.030137,0.0027397,0.0027322,0.0027397,0,0.0027397,0.019126,0,0.0027397,0.010959,0.010929,0.010959,0,0.0054795,0.0054645,0.016438,0,0.0027397,0.010929,0,0,0,0.0027322,0
1600000US0622020,0,0,0,0.0027322,0,0.0082192,0.027397,0.0027322,0.027397,0.0027397,0.0027397,0.010929,0.0027397,0,0.0027397,0,0.0054795,0.030137,0.016438,0.0081967,0,0.0082192,0.0027397,0.0054645,0.0027397,0,0,0.010929,0,0.0054795,0,0.0081967,0.0054795,0.013699,0.013699,0,0.0054795,0.0082192,0.024658,0.019126,0,0.0054795,0.0054795,0.0054645,0
1600000US0622804,0.0027397,0,0,0,0.0054795,0,0.0027397,0.0081967,0.016438,0.016438,0.0027397,0.0081967,0,0,0.010959,0,0.0027397,0.0027397,0.013699,0.0054645,0.0027397,0.016438,0.0027397,0.0027322,0,0,0.0027397,0.032787,0,0.0027397,0.013699,0.0081967,0.0082192,0,0.016438,0.0081967,0.019178,0,0,0.019126,0,0,0,0.0054645,0
1600000US0623182,0,0,0,0.0027322,0,0,0.019178,0.0027322,0.024658,0.0027397,0,0.010929,0.0027397,0,0.0027397,0,0.0054795,0.030137,0.010959,0.010929,0.0027397,0.021918,0.0027397,0.0081967,0.0054795,0,0,0.010929,0.0054795,0.0027397,0,0.0027322,0.0054795,0.013699,0.0082192,0,0.0082192,0.0054795,0.016438,0.016393,0,0.016438,0.0082192,0.0054645,0
1600000US0624680,0,0,0,0,0.0027397,0,0.013699,0.0081967,0.013699,0.021918,0.0027397,0.010929,0,0,0.0082192,0,0.0027397,0.0027397,0.019178,0,0.0082192,0.027397,0.0027397,0.0027322,0,0,0.0027397,0.019126,0,0,0.019178,0.010929,0.0082192,0,0.0054795,0.0081967,0.013699,0,0.0082192,0.019126,0,0,0.0054795,0.0054645,0
1600000US0626000,0,0,0,0,0,0.0082192,0.030137,0.0081967,0.024658,0.0082192,0.0027397,0.016393,0.0027397,0,0.0027397,0,0.0054795,0.021918,0.016438,0.010929,0.0027397,0.013699,0.0027397,0.0054645,0.0054795,0,0,0.0081967,0,0.0054795,0,0.0081967,0.0027397,0.013699,0.013699,0,0.0027397,0.0082192,0.013699,0.016393,0,0.0054795,0.010959,0.0054645,0
1600000US0627000,0,0,0,0,0,0,0.013699,0.013661,0.027397,0.010959,0.0027397,0.013661,0.0027397,0,0.010959,0,0.0027397,0.019178,0.019178,0,0,0.041096,0.0027397,0.0027322,0.0027397,0,0,0.021858,0.0054795,0.0027397,0,0.0081967,0.010959,0.010959,0.013699,0.013661,0.013699,0.0054795,0.013699,0.0081967,0,0.0027397,0.0082192,0.0054645,0
1600000US0628000,0,0,0.0082192,0,0.0027397,0,0.0082192,0.013661,0.013699,0.010959,0,0.0081967,0,0,0.0082192,0,0.0027397,0.0027397,0.024658,0.0027322,0.0082192,0.021918,0.0027397,0.0027322,0.0027397,0,0.0027397,0.021858,0,0.0027397,0.010959,0.010929,0.010959,0,0.0054795,0.0054645,0.016438,0,0.0027397,0.010929,0,0,0,0.0081967,0
1600000US0629000,0,0,0.0054795,0,0,0,0.0082192,0.0081967,0.013699,0.013699,0,0.0054645,0,0,0.0082192,0,0.0027397,0.0027397,0.021918,0.0027322,0.0082192,0.019178,0.0027397,0.0027322,0,0,0.0027397,0.019126,0,0.0027397,0.010959,0.010929,0.0082192,0,0.0054795,0.0054645,0.021918,0,0.0027397,0.016393,0,0,0,0.0027322,0
1600000US0630000,0,0,0.0082192,0,0.0027397,0,0.0054795,0.013661,0.030137,0.010959,0.0027397,0.010929,0,0,0.0082192,0,0.0027397,0.0027397,0.024658,0.0027322,0.0082192,0.030137,0.0027397,0.0027322,0.0027397,0,0.0027397,0.02459,0,0.0027397,0.010959,0.010929,0.010959,0,0.010959,0.013661,0.013699,0,0.0027397,0.010929,0.0082192,0.0027397,0,0.0054645,0
1600000US0633000,0,0,0,0.0027322,0,0.0054795,0.027397,0.010929,0.024658,0.0082192,0.0027397,0.016393,0.0027397,0,0.0027397,0,0.0054795,0.024658,0.013699,0.010929,0.0027397,0.019178,0.0027397,0.0054645,0.010959,0.0027397,0,0.0081967,0.0054795,0.0054795,0,0.0081967,0.0054795,0.013699,0.013699,0,0.0054795,0.0082192,0.024658,0.016393,0,0.016438,0.010959,0.0054645,0
1600000US0636000,0,0,0.0082192,0,0.0027397,0,0.0082192,0.0081967,0.019178,0.021918,0.0027397,0.0054645,0,0,0.010959,0,0.0054795,0.0027397,0.032877,0.0027322,0.0082192,0.030137,0.0054795,0.0027322,0,0,0.0027397,0.021858,0,0.0027397,0.019178,0.010929,0.0082192,0,0.016438,0.0054645,0.019178,0,0.0027397,0.010929,0.0054795,0,0,0.0081967,0
1600000US0636546,0,0,0,0,0,0,0.0082192,0.013661,0.016438,0.0027397,0.0027397,0.0081967,0,0,0.0082192,0,0.0027397,0.0027397,0.021918,0.0027322,0.0082192,0.035616,0.0027397,0.0027322,0.0027397,0,0.0027397,0.021858,0,0.0027397,0.010959,0.010929,0.010959,0,0.0054795,0.013661,0.013699,0,0.0054795,0.010929,0.0054795,0,0,0.0027322,0
1600000US0636770,0.0027397,0,0.0054795,0,0.0054795,0,0.0082192,0.0081967,0.016438,0.021918,0.0027397,0.0054645,0,0,0.010959,0,0.0027397,0.010959,0.021918,0.0027322,0.0082192,0.024658,0.0054795,0.0027322,0,0,0.0027397,0.027322,0,0.0027397,0.019178,0.010929,0.0082192,0,0.021918,0.0081967,0.030137,0,0.0027397,0.010929,0,0.0027397,0,0.0054645,0
1600000US0640130,0,0,0,0,0,0,0,0.0027322,0.016438,0,0,0.0081967,0,0,0.010959,0,0,0,0.013699,0.0027322,0.0082192,0.021918,0,0.0027322,0.0027397,0,0.0027397,0.021858,0,0,0.0082192,0.0027322,0.010959,0,0.0054795,0.013661,0.0054795,0,0.0054795,0.016393,0.0027397,0.0027397,0,0.0027322,0
1600000US0643000,0.0027397,0,0.0082192,0,0.0027397,0,0.013699,0.013661,0.027397,0.010959,0,0.0081967,0,0,0.0082192,0,0.0027397,0.0082192,0.027397,0.0027322,0.0082192,0.030137,0.0027397,0.0027322,0.0027397,0,0.0027397,0.021858,0,0.0027397,0.010959,0.010929,0.010959,0,0.0054795,0.0054645,0.019178,0,0.0027397,0.019126,0.0054795,0,0,0.0027322,0
1600000US0644000,0,0,0.010959,0,0.0027397,0,0.0054795,0.013661,0.021918,0.010959,0.0027397,0.010929,0,0.0027397,0.0082192,0,0.0027397,0.0027397,0.024658,0.0027322,0.0082192,0.032877,0.0027397,0.0027322,0.0027397,0,0.0027397,0.021858,0,0.0027397,0.010959,0.010929,0.010959,0,0.0054795,0.013661,0.016438,0,0.0027397,0.019126,0.0054795,0.0027397,0,0.0027322,0
1600000US0648354,0,0,0.0027397,0.0027322,0,0,0.027397,0.0081967,0.027397,0.0027397,0.0027397,0.016393,0.0027397,0,0.010959,0,0.0027397,0.019178,0.016438,0.010929,0,0.0082192,0.0027397,0.0054645,0.0027397,0,0,0.010929,0.0054795,0.0082192,0,0.0081967,0.010959,0.010959,0.010959,0,0.013699,0.010959,0.010959,0.016393,0,0.0054795,0.0082192,0,0
1600000US0649270,0,0,0,0,0.0054795,0,0.0082192,0.0081967,0.016438,0.010959,0,0.0027322,0,0,0.010959,0,0.0027397,0.0027397,0.021918,0.0027322,0.0082192,0.019178,0.0027397,0.0027322,0.0027397,0,0.0027397,0.021858,0,0,0.019178,0.0081967,0.0082192,0,0.016438,0.013661,0.013699,0,0,0.019126,0,0,0.0054795,0.0054645,0
1600000US0650076,0.0027397,0,0,0,0.0054795,0,0.0027397,0.0081967,0.016438,0.019178,0.0027397,0.0081967,0,0,0.0082192,0,0.0027397,0.0027397,0.013699,0.0027322,0.010959,0.027397,0.0027397,0.0027322,0,0,0.0027397,0.027322,0,0.0027397,0.019178,0.0081967,0.0082192,0,0.024658,0.0081967,0.019178,0,0,0.019126,0,0,0,0.0054645,0
1600000US0652526,0.0027397,0,0.0082192,0,0.0027397,0,0.0082192,0.019126,0.013699,0.0082192,0.0027397,0.010929,0,0,0.0082192,0,0.0027397,0.0027397,0.021918,0.0027322,0.0082192,0.035616,0.0027397,0.0027322,0.0027397,0,0.0027397,0.019126,0,0.0027397,0.010959,0.010929,0.010959,0,0.0054795,0.0054645,0.021918,0,0.0027397,0.010929,0,0,0,0.0054645,0
1600000US0653000,0,0,0,0.0027322,0,0,0.027397,0.0081967,0.024658,0.0082192,0.0027397,0.016393,0.0027397,0,0.0027397,0,0.0054795,0.030137,0.013699,0.0027322,0,0.021918,0.0027397,0.0054645,0.0027397,0.0027397,0,0.0081967,0.019178,0.0082192,0,0.0081967,0.0027397,0.013699,0.010959,0,0.0054795,0.010959,0.024658,0.016393,0,0.016438,0.0082192,0,0
1600000US0653322,0.0027397,0,0,0,0.0054795,0,0.0027397,0.0081967,0.021918,0.021918,0,0.0054645,0,0,0.010959,0,0.0027397,0.0027397,0.013699,0.0081967,0.0027397,0.013699,0.0027397,0.0027322,0,0,0.0027397,0.030055,0,0.0027397,0.010959,0.0027322,0.0082192,0,0.019178,0.0054645,0.021918,0,0.0027397,0.010929,0,0,0,0.0054645,0
1600000US0653896,0,0,0.0082192,0,0.0027397,0,0.013699,0.0081967,0.032877,0.019178,0.0027397,0.010929,0,0,0.0082192,0,0.0027397,0.0027397,0.021918,0,0.0082192,0.030137,0.0027397,0.0027322,0.0027397,0,0.0027397,0.019126,0,0.0027397,0.019178,0.010929,0.010959,0,0.0054795,0.0054645,0.013699,0,0.013699,0.019126,0,0.0027397,0.0054795,0.0054645,0
1600000US0653980,0,0,0.0082192,0,0.0027397,0,0.0082192,0.0081967,0.027397,0.010959,0.0027397,0.0054645,0,0,0.010959,0,0.0027397,0.0027397,0.021918,0.0027322,0.0082192,0.024658,0.0027397,0.0027322,0,0,0.0027397,0.021858,0,0.0027397,0.019178,0.010929,0.0082192,0,0.0054795,0.0081967,0.019178,0,0.0027397,0.010929,0,0.0027397,0,0.0054645,0
1600000US0654652,0.0027397,0,0.0082192,0,0,0,0.0027397,0.016393,0.027397,0.0082192,0.0027397,0.0081967,0.0027397,0,0.010959,0,0.0027397,0.0027397,0.024658,0.0027322,0.0082192,0.035616,0,0.0054645,0.0082192,0,0.0054795,0.021858,0.0027397,0.0027397,0.010959,0.0081967,0.010959,0,0.0054795,0.0054645,0.021918,0.0027397,0.0054795,0.016393,0.0054795,0.0027397,0.0054795,0.0027322,0
1600000US0655156,0,0,0,0,0,0,0.0054795,0.0081967,0.021918,0.0054795,0,0.013661,0,0,0.0082192,0,0.0027397,0.0027397,0.024658,0.0027322,0.0082192,0.027397,0.0027397,0,0.0027397,0,0.0027397,0.02459,0,0,0.010959,0.0081967,0.010959,0,0.010959,0.0054645,0.019178,0,0.0027397,0.016393,0,0.0027397,0,0.0027322,0
1600000US0656000,0,0,0.0082192,0,0,0,0.0054795,0.0081967,0.016438,0.019178,0.0027397,0.0081967,0,0,0.0082192,0,0.0027397,0.0027397,0.021918,0.0027322,0.0082192,0.027397,0.0027397,0.0027322,0.0027397,0,0.0027397,0.021858,0,0.0027397,0.010959,0.010929,0.010959,0,0.016438,0.010929,0.013699,0,0.0027397,0.010929,0,0.0027397,0,0.0054645,0
1600000US0658072,0,0,0.0082192,0,0.0027397,0,0.013699,0.0081967,0.035616,0.019178,0.0027397,0.010929,0,0,0.0082192,0,0.0027397,0.0027397,0.021918,0.0027322,0.0082192,0.032877,0.0027397,0.0054645,0.0027397,0,0.0027397,0.019126,0,0.0027397,0.019178,0.010929,0.010959,0,0.0054795,0.0054645,0.013699,0,0.013699,0.019126,0,0.0027397,0.0054795,0.0054645,0
1600000US0659451,0,0,0.0082192,0,0.0027397,0,0.013699,0.0081967,0.030137,0.0082192,0.0027397,0.010929,0,0,0.0082192,0,0.0027397,0.0027397,0.019178,0,0.0082192,0.027397,0.0027397,0.0027322,0,0,0.0027397,0.019126,0,0.0027397,0.019178,0.010929,0.010959,0,0.0054795,0.0054645,0.013699,0,0.0082192,0.019126,0,0.0027397,0.0054795,0.0054645,0
1600000US0660620,0,0,0,0.0027322,0,0,0.019178,0.0081967,0.024658,0.0027397,0.0027397,0.019126,0.0027397,0,0.0027397,0,0.0054795,0.024658,0.0082192,0.0027322,0,0.016438,0.0027397,0.0081967,0.0027397,0.0027397,0,0.010929,0.019178,0.010959,0,0.0027322,0.0027397,0.013699,0.010959,0,0.0054795,0.010959,0.024658,0.016393,0,0.016438,0.0082192,0.0054645,0
1600000US0662000,0.0027397,0,0.0054795,0,0.0082192,0,0.013699,0.0081967,0.030137,0,0,0.0081967,0,0,0.0082192,0,0.0027397,0.0027397,0.021918,0.0027322,0.0082192,0.027397,0.0027397,0.0027322,0.0027397,0,0.0027397,0.021858,0,0,0.019178,0.0081967,0.0082192,0,0.035616,0.013661,0.013699,0,0.0027397,0.019126,0,0.0027397,0,0.0054645,0
1600000US0662938,0,0,0,0.0027322,0,0.0082192,0.021918,0.0027322,0.027397,0.0027397,0.0027397,0.021858,0.0027397,0,0.0027397,0,0.0054795,0.030137,0.016438,0.0081967,0,0.030137,0.010959,0.0027322,0.0054795,0,0,0.010929,0.0054795,0.0054795,0,0.0081967,0.0027397,0.013699,0.013699,0,0.0054795,0.0054795,0.024658,0.019126,0,0.0054795,0.0054795,0.0054645,0
1600000US0664000,0,0,0,0.0027322,0,0.0054795,0.027397,0.0027322,0.019178,0.0027397,0,0.010929,0.0027397,0,0.0027397,0,0.0054795,0.030137,0.013699,0.0081967,0,0.016438,0.0027397,0.0081967,0.0027397,0,0,0.016393,0.0054795,0.0027397,0,0.0081967,0.0054795,0.013699,0.010959,0,0.0054795,0.0027397,0.016438,0.019126,0,0.016438,0.0054795,0.0054645,0
1600000US0664224,0,0,0.0027397,0,0,0,0.035616,0.016393,0.027397,0.0082192,0.0027397,0.016393,0.0027397,0.0027397,0.010959,0,0.0027397,0.030137,0.016438,0.010929,0,0.027397,0.0027397,0.010929,0.0027397,0,0,0.016393,0.0054795,0.0082192,0,0.0081967,0.010959,0.013699,0.013699,0,0.013699,0.0054795,0.019178,0.0054645,0,0.0027397,0.010959,0.0054645,0
1600000US0665000,0,0,0.0054795,0,0.0027397,0,0.0054795,0.0081967,0.016438,0.010959,0,0.0054645,0,0,0.010959,0,0.0027397,0.0027397,0.021918,0.0027322,0.010959,0.019178,0.0027397,0.0027322,0,0,0,0.021858,0,0,0.019178,0.0081967,0.0082192,0,0.016438,0.010929,0.019178,0,0.0027397,0.019126,0,0.0027397,0.0054795,0.0027322,0
1600000US0665042,0,0,0.0082192,0,0,0,0.0027397,0.0054645,0.027397,0.0082192,0.0027397,0.0081967,0.0027397,0,0.010959,0,0.0027397,0.0027397,0.024658,0.0027322,0.0082192,0.035616,0,0.0054645,0.013699,0,0.0054795,0.021858,0.0054795,0.0027397,0.010959,0.0081967,0.010959,0,0.0054795,0.0054645,0.021918,0.0027397,0.010959,0.016393,0.0027397,0.0027397,0.0054795,0.0081967,0
1600000US0666000,0.0027397,0,0,0,0.010959,0,0.0027397,0.0081967,0.030137,0.0082192,0.0054795,0.0054645,0,0,0.0082192,0,0.0027397,0.0054795,0.019178,0.0081967,0.0082192,0.013699,0.0027397,0,0,0,0.0027397,0.032787,0,0.0027397,0.010959,0.0081967,0.0082192,0,0.021918,0.0081967,0.024658,0,0.0027397,0.019126,0,0,0,0.0027322,0
1600000US0667000,0,0,0,0.0027322,0,0,0.019178,0.010929,0.024658,0.0082192,0.0027397,0.019126,0.0027397,0,0.0027397,0,0.0054795,0.030137,0.013699,0.0027322,0,0.024658,0.0027397,0.0081967,0.0027397,0.0027397,0,0.0081967,0.019178,0.010959,0,0.0027322,0.0054795,0.013699,0.0054795,0,0.0054795,0.010959,0.024658,0.016393,0,0.016438,0.0082192,0,0
1600000US0668000,0,0,0.0027397,0,0,0.0082192,0.030137,0.0081967,0.024658,0.0082192,0.0027397,0.016393,0.0027397,0,0.0054795,0,0.0054795,0.021918,0.010959,0.010929,0,0.032877,0.0027397,0.0054645,0.0027397,0.0027397,0,0.0054645,0.0054795,0.0054795,0,0.0081967,0.0027397,0.013699,0.013699,0,0.013699,0.0082192,0.024658,0.016393,0,0.0054795,0.0082192,0.0027322,0
1600000US0669000,0,0,0.0082192,0,0.0027397,0,0.0082192,0.0081967,0.027397,0.021918,0.0027397,0.0054645,0,0,0.010959,0,0.0027397,0.010959,0.021918,0.0027322,0.0082192,0.024658,0.0054795,0.0027322,0,0,0.0027397,0.027322,0,0.0027397,0.019178,0.010929,0.0082192,0,0.016438,0.0081967,0.019178,0,0.0027397,0.010929,0,0.0027397,0,0.0054645,0
1600000US0669084,0,0,0,0,0,0.0082192,0.030137,0.0054645,0.024658,0.0082192,0.0027397,0.016393,0.0027397,0,0.0054795,0,0.0054795,0.021918,0.013699,0.010929,0,0.024658,0.0027397,0.0054645,0.0054795,0.0027397,0,0.0054645,0.0054795,0.0027397,0,0.0081967,0.0027397,0.013699,0.013699,0,0.010959,0.0082192,0.016438,0.016393,0,0.0054795,0.0082192,0.0027322,0
1600000US0669088,0,0,0.0082192,0,0,0,0.0027397,0.016393,0.013699,0.010959,0.0027397,0.010929,0,0,0.0082192,0,0.0027397,0.0054795,0.027397,0.0027322,0.0082192,0.035616,0.0027397,0.0027322,0.0027397,0,0.0027397,0.021858,0,0.0027397,0.010959,0.010929,0.010959,0,0.0054795,0.0054645,0.021918,0,0.013699,0.019126,0.0054795,0.0027397,0.0054795,0.0027322,0
1600000US0670098,0,0,0,0.0027322,0,0.0082192,0.0054795,0.0054645,0.024658,0.0027397,0,0.013661,0,0,0.0027397,0,0.0054795,0.013699,0.0082192,0.0027322,0,0.016438,0.0027397,0.0027322,0.0082192,0.0027397,0,0.013661,0.019178,0.010959,0,0.0027322,0.0054795,0.013699,0.013699,0,0.0082192,0.0054795,0.019178,0.016393,0,0.013699,0.0054795,0.0081967,0
1600000US0672016,0.0027397,0,0.0054795,0,0,0,0.0054795,0.016393,0.032877,0.0082192,0.0027397,0.016393,0.0027397,0,0.0082192,0,0.0027397,0.010959,0.027397,0.0027322,0.013699,0.032877,0.0027397,0.0054645,0.0054795,0,0.0027397,0.02459,0,0.0027397,0.010959,0.013661,0.010959,0,0.0054795,0.0054645,0.021918,0,0.013699,0.010929,0.0054795,0.0027397,0,0.0027322,0
1600000US0675000,0,0,0.0054795,0.0027322,0,0.0082192,0.030137,0.0027322,0.027397,0.0027397,0.0027397,0.030055,0.0054795,0,0.0054795,0,0.0054795,0.024658,0.013699,0.0081967,0,0.0082192,0.0027397,0.0054645,0.0027397,0,0,0.010929,0,0.0054795,0,0.0081967,0.0054795,0.013699,0.010959,0,0.0054795,0.0082192,0.024658,0.013661,0,0.0082192,0.0054795,0.0054645,0
1600000US0677000,0,0,0,0,0,0.0054795,0.030137,0.0027322,0.024658,0.0082192,0.0027397,0.016393,0.0027397,0,0.0054795,0,0.0054795,0.021918,0.013699,0.010929,0,0.016438,0.0027397,0.0054645,0.0054795,0.0027397,0,0.0081967,0.0054795,0.0027397,0,0.0081967,0.0027397,0.013699,0.013699,0,0.010959,0.0082192,0.016438,0.016393,0,0.0054795,0.0054795,0.0054645,0
1600000US0678120,0,0,0,0,0.0054795,0,0,0.0081967,0.016438,0.019178,0.0054795,0.0081967,0,0,0.0082192,0,0.0027397,0.0027397,0.013699,0.0027322,0.010959,0.019178,0.0027397,0.0027322,0,0,0.0027397,0.027322,0,0.0027397,0.013699,0.0081967,0.0082192,0,0.021918,0.0054645,0.010959,0,0,0.019126,0,0,0,0.0054645,0
1600000US0678582,0,0,0.0054795,0,0,0,0.0027397,0.021858,0.027397,0.019178,0.0027397,0.016393,0.0027397,0,0.010959,0,0.0027397,0.0027397,0.027397,0.0027322,0.013699,0.032877,0,0,0.0054795,0,0.0027397,0.021858,0,0.0027397,0.0082192,0.0081967,0.010959,0,0.0054795,0.0054645,0.021918,0.0027397,0.010959,0.010929,0.0054795,0,0,0.0027322,0
1600000US0680000,0.0027397,0,0.0082192,0,0,0,0.0027397,0.019126,0.016438,0.013699,0.0027397,0.010929,0,0,0.0082192,0,0.0027397,0.0027397,0.027397,0.0027322,0.0082192,0.043836,0.0027397,0.0027322,0.0027397,0,0.0027397,0.021858,0,0.0027397,0.010959,0.010929,0.010959,0,0.0054795,0.0081967,0.021918,0,0.0082192,0.019126,0.0054795,0.0027397,0,0.0054645,0
1600000US0681666,0,0,0,0.0027322,0,0,0.019178,0.0081967,0.027397,0.0027397,0,0.019126,0.0027397,0,0.0027397,0,0.0054795,0.032877,0.0082192,0.0027322,0,0.024658,0.0027397,0.0081967,0.0027397,0.0027397,0,0.016393,0.019178,0.010959,0,0.0027322,0.0054795,0.013699,0.0082192,0,0.0082192,0.0054795,0.021918,0.016393,0,0.016438,0.0082192,0.0081967,0
1600000US0682590,0,0.0054795,0.0054795,0,0.0027397,0,0.0082192,0.0027322,0.013699,0.010959,0,0.013661,0,0,0.010959,0,0,0.0027397,0.016438,0.0027322,0.019178,0.013699,0,0,0,0,0,0.021858,0,0,0.0027397,0,0.010959,0,0.0027397,0.013661,0.019178,0,0.0027397,0.019126,0,0,0,0.0027322,0
1600000US0682954,0,0,0,0,0,0,0.013699,0.013661,0.030137,0.010959,0.0027397,0.0081967,0.0054795,0,0.013699,0,0.0027397,0.013699,0.013699,0.0027322,0.0027397,0.038356,0.0027397,0,0.010959,0,0,0.019126,0.0054795,0.0027397,0,0.0027322,0.010959,0.0027397,0.010959,0.010929,0.013699,0.0027397,0.019178,0.016393,0,0.0027397,0.0082192,0.0054645,0
1600000US0684200,0,0,0.0054795,0,0.0027397,0,0.0027397,0.019126,0.019178,0.019178,0.0027397,0.0081967,0,0,0.0082192,0,0.0027397,0.0027397,0.021918,0.0027322,0.0082192,0.030137,0.0027397,0.0027322,0.0027397,0,0.0027397,0.019126,0,0.0027397,0.010959,0.010929,0.010959,0,0.010959,0.0054645,0.013699,0,0.0082192,0.010929,0,0,0.0054795,0.0027322,0
1600000US0803455,0,0.010959,0,0.0027322,0,0,0,0,0,0,0.010959,0,0,0,0,0,0,0,0.0054795,0,0.0027397,0.0027397,0,0,0,0,0,0,0,0.0027397,0,0,0,0,0,0,0,0,0,0.0054645,0.0054795,0,0.0054795,0.0027322,0
1600000US0804000,0,0.010959,0.0027397,0.0027322,0,0,0,0,0,0,0.0082192,0,0.0027397,0,0.0027397,0,0,0,0,0,0.0082192,0,0,0,0.0027397,0,0,0,0,0.0027397,0,0,0,0,0,0,0.0027397,0,0,0.0054645,0.0054795,0,0.0027397,0,0
1600000US0812815,0,0.013699,0.0027397,0.0027322,0.0054795,0,0,0,0,0,0.0082192,0.0027322,0.0054795,0,0.0027397,0,0.0027397,0,0.0054795,0,0,0,0,0,0.0054795,0,0,0,0,0.0027397,0,0,0,0,0,0,0.0027397,0,0,0.0054645,0.0027397,0,0,0,0
1600000US0816000,0,0.0082192,0,0.0054645,0,0,0,0.0027322,0,0.0082192,0.0027397,0.0027322,0.010959,0,0.0027397,0.0027322,0,0,0.0054795,0,0.0027397,0.0027397,0.010959,0,0.0082192,0,0,0,0,0,0.0027397,0.0054645,0,0,0,0.0054645,0,0,0.0054795,0.0054645,0.0027397,0,0,0,0
1600000US0820000,0,0.0082192,0,0.0027322,0,0,0,0,0,0,0.010959,0,0,0,0,0,0,0,0.0054795,0,0,0.0082192,0,0,0,0,0,0,0,0.0054795,0,0,0,0,0,0,0,0,0,0.0054645,0.0054795,0,0,0,0
1600000US0827425,0,0.0054795,0,0,0.0027397,0,0,0.0027322,0,0,0,0.0027322,0,0,0,0,0,0,0,0,0.0082192,0,0.0027397,0,0.0082192,0,0,0,0,0,0,0,0.0027397,0,0,0.0054645,0,0,0,0.0054645,0.0054795,0,0.0054795,0,0
1600000US0843000,0,0.0082192,0,0.0027322,0,0,0,0,0,0,0.010959,0,0,0,0,0,0,0,0.0054795,0,0.0054795,0,0,0,0,0,0,0,0,0.0054795,0,0,0,0,0,0,0,0,0,0.0054645,0.0027397,0,0.0027397,0,0
1600000US0862000,0.0054795,0.0082192,0,0,0,0,0,0.0027322,0,0.0027397,0.0027397,0.0027322,0,0,0.0027397,0,0.0082192,0,0,0,0.0027397,0.016438,0,0,0.0054795,0,0,0.0054645,0,0,0,0,0,0,0.0027397,0.0054645,0,0,0,0.0027322,0,0,0,0,0
1600000US0877290,0,0.0027397,0,0.0027322,0,0,0,0,0,0,0.0082192,0,0,0,0,0,0,0,0.0054795,0,0.0082192,0.0082192,0,0,0,0,0,0,0,0.0027397,0,0,0,0,0,0,0,0,0,0.0054645,0.0027397,0,0.0054795,0,0
1600000US0883835,0,0.0027397,0,0.0027322,0,0,0,0,0,0,0.010959,0,0,0,0,0,0,0,0.0054795,0,0.0082192,0,0,0,0,0,0,0,0,0.0054795,0,0,0,0,0,0,0,0,0,0.0054645,0.0054795,0,0.0054795,0,0
1600000US0908000,0,0,0,0,0,0,0,0,0,0,0,0.0054645,0,0,0,0,0,0,0,0,0,0,0,0,0,0,0,0.0027322,0,0,0,0,0,0,0,0,0,0,0,0,0,0.0054795,0,0,0
1600000US0937000,0,0,0,0,0,0,0,0.0027322,0,0,0,0.0054645,0.0027397,0,0,0,0,0,0,0,0,0,0,0,0,0,0,0,0,0,0,0,0,0,0.0027397,0,0.0027397,0,0,0,0,0.0027397,0,0,0
1600000US0952000,0,0,0,0,0,0,0,0,0,0,0,0.0054645,0,0,0,0,0,0,0,0,0.0054795,0,0,0,0,0,0,0.0027322,0,0,0,0,0,0,0,0,0.0027397,0,0,0,0,0.0054795,0,0,0
1600000US0973000,0,0,0,0,0,0,0,0,0,0,0,0.0027322,0,0,0,0,0,0,0,0,0,0,0,0,0,0,0,0.0027322,0,0,0,0.0027322,0.0027397,0,0.0027397,0,0,0,0,0,0,0.0054795,0,0,0.0027397
1600000US0980000,0,0,0,0,0,0,0,0,0,0,0,0.0054645,0.0027397,0,0,0,0,0,0,0,0,0,0,0,0,0,0,0,0,0,0,0,0,0,0.0027397,0,0.0027397,0,0,0,0,0.0027397,0,0,0
1600000US1150000,0,0,0,0,0,0,0,0.0027322,0,0,0,0,0,0.0054795,0,0,0,0,0,0,0,0,0,0,0,0,0.0027397,0,0,0,0,0,0,0,0,0,0,0.0027397,0.0027397,0,0.0082192,0,0.0027397,0,0
1600000US1077580,0,0,0,0,0,0,0,0,0,0,0,0.0027322,0,0.0054795,0,0,0,0,0,0,0,0,0,0,0,0,0,0,0,0,0,0,0,0,0,0.0027322,0,0,0,0,0,0.0027397,0,0,0
1600000US1210275,0.010959,0.0054795,0.0027397,0,0,0.0027397,0.0027397,0.0054645,0,0,0.013699,0.010929,0,0.0054795,0,0,0.0027397,0.016438,0.0027397,0.0054645,0.0027397,0,0,0,0.0082192,0,0.013699,0,0,0,0,0,0.0082192,0,0,0.0027322,0,0,0,0,0.0082192,0,0,0,0
1600000US1212875,0,0,0,0.0027322,0,0.016438,0.0082192,0,0,0,0.016438,0,0,0,0.0082192,0,0,0.024658,0,0.0054645,0.0082192,0,0.0027397,0.0054645,0.0082192,0,0,0,0,0.0027397,0.0027397,0.0054645,0,0.013699,0,0.013661,0,0,0,0.0081967,0.0027397,0,0,0,0
1600000US1214400,0.010959,0,0,0,0,0.0027397,0,0,0,0.0027397,0.010959,0,0,0,0.0027397,0,0.0082192,0.019178,0.0054795,0,0,0.0027397,0,0,0,0,0.0027397,0,0.0027397,0,0.0054795,0,0.0054795,0,0,0.016393,0,0,0,0,0.021918,0,0,0,0
1600000US1224000,0.0082192,0,0,0,0,0,0,0,0,0,0.010959,0.0027322,0,0,0.0027397,0,0.0082192,0.016438,0.0082192,0.0027322,0,0.0027397,0,0.0027322,0.0027397,0,0.0054795,0,0.0054795,0,0.0027397,0,0.0082192,0,0,0.019126,0,0,0,0,0.024658,0,0,0,0
1600000US1225175,0,0.010959,0.0027397,0,0.0027397,0.0027397,0,0,0.0082192,0,0.0027397,0.0027322,0.0027397,0,0,0,0,0.010959,0,0.0054645,0,0,0,0,0.0054795,0,0.0054795,0,0,0,0,0,0,0,0.0054795,0.013661,0.0027397,0,0,0,0.0082192,0.016438,0,0.0054645,0.0027397
1600000US1230000,0.010959,0,0.0027397,0.0027322,0,0,0,0,0,0,0.013699,0.0027322,0,0,0.0027397,0,0.0082192,0.016438,0.0054795,0,0,0,0,0,0,0,0.0027397,0,0.0082192,0,0,0,0.0054795,0,0,0.013661,0,0,0,0,0.030137,0,0,0,0
1600000US1232000,0.0082192,0,0,0.0027322,0,0,0,0,0,0,0.013699,0.0027322,0,0,0.0027397,0,0.0082192,0.016438,0.0082192,0.0027322,0,0.0027397,0,0.0027322,0.0027397,0,0.0027397,0,0.0054795,0,0.0027397,0,0.010959,0,0,0.0054645,0,0,0,0,0.019178,0,0,0,0
1600000US1235000,0,0,0,0,0,0,0,0,0.0082192,0,0,0.0027322,0.0027397,0.0054795,0,0,0.0027397,0.0054795,0.0054795,0,0,0.0027397,0,0.0027322,0.0054795,0,0,0,0,0,0,0.0027322,0.0027397,0,0.0082192,0.0081967,0,0,0,0,0,0.0082192,0,0.0027322,0.0054795
1600000US1245000,0.0082192,0,0.013699,0.0027322,0.0027397,0,0,0,0,0,0.0082192,0.0027322,0,0,0,0.0027322,0.0082192,0.016438,0.0054795,0,0,0.0027397,0,0.0027322,0,0,0.0027397,0,0,0,0,0,0.0082192,0,0,0.0054645,0,0,0,0,0.024658,0,0,0,0
1600000US1245060,0.010959,0,0.013699,0.0027322,0,0,0,0,0,0.0027397,0.010959,0.0027322,0,0,0.0027397,0,0.0082192,0.016438,0.0054795,0,0,0,0,0,0,0,0.0027397,0,0.0054795,0,0.0027397,0,0.010959,0,0,0.0054645,0,0,0,0,0.032877,0,0,0,0
1600000US1245975,0.010959,0,0,0.0027322,0,0.0027397,0,0,0,0,0.010959,0.0054645,0,0,0.0027397,0,0.0082192,0.016438,0.0054795,0,0,0,0,0,0.0027397,0,0.0027397,0,0.0054795,0,0.0027397,0,0.0054795,0,0,0.013661,0,0,0,0,0.030137,0,0,0,0
1600000US1253000,0.0054795,0,0,0,0,0,0.0027397,0.0027322,0.010959,0.0027397,0,0.0027322,0,0,0.0054795,0,0.0054795,0.019178,0.0027397,0.010929,0,0.0027397,0,0,0.010959,0,0.0054795,0,0,0,0,0,0.0027397,0,0.0082192,0.013661,0,0,0,0,0,0.0027397,0,0.0054645,0
1600000US1254000,0.0054795,0.0027397,0,0,0,0,0,0,0.0027397,0,0.013699,0.0054645,0,0.0027397,0,0,0.013699,0.013699,0,0,0,0,0,0.0027322,0.0054795,0,0.021918,0,0,0,0,0,0,0,0,0,0,0,0,0,0.0027397,0.0027397,0,0.013661,0
1600000US1255775,0.010959,0,0,0.0027322,0,0.0027397,0,0,0,0,0.010959,0.0054645,0,0,0.0027397,0,0.0082192,0.016438,0.0082192,0,0,0,0,0,0.0027397,0,0.0054795,0,0.0054795,0,0.0027397,0,0.0054795,0,0,0.013661,0,0,0,0,0.027397,0,0,0,0
1600000US1258715,0,0,0,0,0,0,0,0,0.0027397,0,0.010959,0.0054645,0,0.0082192,0.0027397,0,0.0082192,0.016438,0.0054795,0.0054645,0,0,0,0.0027322,0.0082192,0,0.0027397,0,0,0,0,0,0,0,0.0027397,0.0054645,0,0,0,0,0.0054795,0,0,0,0
1600000US1263000,0.016438,0.0027397,0,0,0,0.010959,0.0027397,0.0054645,0.0027397,0.0027397,0,0.0054645,0,0.0054795,0,0,0.0082192,0.0054795,0,0.013661,0,0,0,0,0.0027397,0,0,0,0.0027397,0,0,0,0.0027397,0,0,0.0027322,0,0,0,0.0054645,0,0,0.0054795,0,0
1600000US1270600,0,0,0.0054795,0,0.0027397,0,0,0.0027322,0.0027397,0,0,0,0,0.0027397,0,0,0,0.0054795,0.0027397,0,0.0054795,0.0027397,0,0,0.0082192,0,0,0.0054645,0,0,0,0,0,0,0,0.0054645,0,0.0054795,0.010959,0.0027322,0.0027397,0.0082192,0,0.0081967,0.0027397
1600000US1271000,0.0054795,0.0027397,0,0,0,0.0082192,0.0027397,0.0054645,0.0054795,0,0,0.0054645,0,0.0027397,0,0,0.019178,0.013699,0,0.0054645,0,0,0,0,0.010959,0,0,0,0.0054795,0,0,0,0,0,0,0,0,0,0,0.0054645,0,0,0.0054795,0,0
1600000US1276600,0.0082192,0,0,0,0,0,0,0,0.0027397,0,0.016438,0,0,0.0027397,0.0054795,0,0.0082192,0.016438,0.0054795,0,0,0,0,0,0,0,0.013699,0,0.0054795,0,0.0027397,0,0.0082192,0,0,0.010929,0,0,0,0,0.0054795,0,0,0,0
1600000US1304000,0,0,0,0,0,0.0027397,0,0.0054645,0,0,0,0,0,0.0027397,0,0.0027322,0,0.0027397,0,0,0,0,0,0,0,0,0.0027397,0.010929,0,0,0,0,0,0,0,0.0027322,0,0,0,0,0.0027397,0.0054795,0,0,0.0054795
1600000US1319000,0.0027397,0,0.0027397,0,0,0.0027397,0,0,0,0,0,0,0,0.0027397,0,0.0027322,0,0.021918,0,0,0,0,0,0,0,0,0,0,0,0,0,0,0,0,0.0027397,0.0054645,0,0,0,0,0.0027397,0,0,0,0.0027397
1600000US1369000,0,0,0.0027397,0,0,0,0.010959,0.0027322,0,0,0,0,0,0.0027397,0,0,0,0.0027397,0.0027397,0,0.0027397,0.0054795,0,0,0,0.0082192,0,0,0.0027397,0,0,0,0,0,0.0054795,0,0,0,0,0,0,0,0,0.0027322,0.0054795
1600000US1912000,0,0,0,0,0,0,0,0,0.0054795,0,0,0,0.0027397,0,0.0027397,0,0,0,0,0.0054645,0.0054795,0,0.0054795,0.0054645,0.0027397,0,0,0,0,0,0,0,0,0,0,0.0027322,0,0,0.0027397,0,0.0054795,0,0,0.0027322,0
1600000US1919000,0,0,0,0,0,0,0,0,0,0,0,0,0,0,0.0027397,0,0,0,0,0.0027322,0,0.0027397,0.0027397,0,0,0,0,0,0,0,0,0,0,0,0,0,0,0,0,0,0.0027397,0,0,0,0
1600000US1921000,0,0,0.0054795,0,0,0,0,0,0.013699,0,0,0,0.0027397,0.0082192,0.0027397,0,0,0,0.0027397,0,0.0054795,0,0.0027397,0,0,0,0,0,0,0.0054795,0,0,0,0,0,0.0054645,0,0.0027397,0.0027397,0,0.0027397,0.0027397,0.0027397,0,0
1600000US1608830,0,0,0,0,0,0.0054795,0.013699,0,0.0027397,0.0027397,0.0054795,0.013661,0.0027397,0,0,0,0.0027397,0,0,0.0054645,0.0027397,0.0027397,0.013699,0,0,0,0,0.0027322,0.0027397,0.0054795,0.010959,0,0,0,0,0,0.0027397,0,0.0027397,0.0054645,0,0.0027397,0,0.0054645,0
1600000US1703012,0,0,0,0,0,0,0,0,0,0,0,0,0,0,0,0,0,0,0,0.0027322,0,0,0.0054795,0,0,0,0,0,0,0,0,0,0,0,0,0,0,0,0.0027397,0,0.0027397,0,0,0,0
1600000US1714000,0,0,0,0.0027322,0,0,0,0,0,0,0,0.0027322,0,0,0,0,0,0,0,0.0027322,0.0027397,0,0.0054795,0,0,0,0,0,0,0,0,0,0,0,0,0,0,0,0,0,0,0,0,0,0
1600000US1723074,0,0,0,0.0027322,0,0,0,0.0027322,0,0,0,0,0,0,0,0,0,0,0,0.0027322,0.0027397,0.0027397,0.0054795,0,0,0,0,0,0,0,0,0,0,0,0,0,0,0,0,0,0.0027397,0,0,0,0
1600000US1738570,0,0,0,0.0027322,0,0,0,0,0,0,0,0,0,0,0,0,0,0,0,0.0027322,0,0,0,0,0,0,0,0,0,0,0,0,0,0,0,0,0,0,0,0,0,0,0,0,0
1600000US1751622,0,0,0,0,0,0,0,0,0,0,0,0,0,0,0,0,0,0,0,0.0027322,0,0,0.0054795,0,0,0,0,0,0,0,0,0,0,0,0,0,0,0,0,0,0,0,0,0,0
1600000US1759000,0,0,0,0.0027322,0,0,0,0,0.0027397,0,0,0,0,0,0,0,0,0,0,0.0027322,0,0,0.0054795,0,0,0,0,0,0,0,0,0,0,0,0,0,0,0,0,0,0,0,0,0,0
1600000US1765000,0,0,0,0.0027322,0,0,0,0,0.0054795,0,0,0,0,0.0027397,0,0,0,0,0,0.0081967,0.0027397,0,0.0027397,0,0,0,0,0,0,0,0,0,0,0,0,0,0,0,0.0027397,0,0.0027397,0,0,0,0
1600000US1772000,0,0,0,0.0027322,0,0,0,0,0.0027397,0,0,0,0,0,0,0,0,0,0,0.0054645,0,0,0.0027397,0,0,0,0,0,0,0,0,0,0,0,0,0,0,0,0,0,0,0,0,0,0
1600000US1822000,0.0027397,0,0,0,0.0054795,0.0027397,0,0,0,0,0,0.0027322,0.0027397,0,0.0027397,0,0,0,0,0,0,0,0,0,0,0,0,0,0,0,0,0,0.010959,0,0,0,0,0,0,0,0,0,0,0,0
1600000US1825000,0,0,0,0,0,0,0,0,0,0,0,0,0,0,0,0,0,0,0,0,0,0,0,0,0.0027397,0,0,0,0,0,0,0,0,0,0.0027397,0,0,0,0,0,0,0,0,0,0
1600000US1836003,0,0,0,0,0,0.0027397,0,0,0,0,0,0,0,0,0,0,0,0,0,0,0,0,0,0,0,0,0,0,0,0,0,0,0,0,0,0.0027322,0,0,0,0,0,0,0,0,0
1600000US1871000,0,0,0,0.0027322,0,0,0,0,0,0,0,0,0,0,0,0,0,0,0,0.0054645,0,0,0,0,0,0,0,0,0,0,0,0,0,0,0,0,0,0,0,0,0,0,0,0,0
1600000US2036000,0,0,0,0.0027322,0,0,0,0,0,0,0,0,0,0,0,0,0,0,0,0.0027322,0,0,0.0027397,0,0,0,0,0,0,0,0,0.0027322,0,0.0027397,0,0,0,0,0,0,0,0.0027397,0.0027397,0.0027322,0
1600000US2052575,0,0,0.0027397,0.0027322,0,0,0,0,0,0,0,0,0,0,0,0,0,0,0,0.0027322,0,0,0.0027397,0,0,0,0,0.0027322,0,0,0,0.0027322,0,0,0,0,0,0,0,0,0,0.0027397,0,0,0
1600000US2053775,0,0,0,0.0027322,0,0,0,0,0,0,0,0,0,0,0,0,0,0,0,0.0027322,0,0,0.0027397,0,0,0,0,0,0,0,0,0.0027322,0,0,0,0,0,0,0,0,0,0.0027397,0.0027397,0.0027322,0
1600000US2071000,0,0,0.0027397,0,0,0,0,0,0,0,0.0027397,0,0.0054795,0,0,0,0,0,0,0,0,0,0,0,0,0,0,0,0,0.0027397,0,0,0.0027397,0.0027397,0.0027397,0,0,0,0.0027397,0,0,0.0027397,0,0.0054645,0
1600000US2079000,0,0,0,0,0,0,0,0,0.0027397,0,0,0.0027322,0,0,0,0,0,0,0,0.0081967,0,0,0,0,0,0,0,0,0,0.0027397,0.0027397,0.010929,0.0027397,0.0027397,0.0054795,0,0,0,0.0054795,0,0,0,0,0,0
1600000US2146027,0,0,0,0,0.0027397,0.0027397,0,0,0,0,0,0,0.0027397,0.0027397,0.0054795,0,0,0,0,0,0,0,0,0,0,0,0,0,0,0,0,0.0027322,0,0,0,0,0,0,0.0027397,0,0,0,0.0054795,0,0
1600000US2205000,0.0054795,0,0,0,0,0.0082192,0,0,0,0,0,0,0.0027397,0.024658,0,0,0,0.0027397,0,0,0,0,0.013699,0.0081967,0.0054795,0,0.0027397,0,0,0,0,0,0,0,0,0.0054645,0,0.010959,0,0.0027322,0.0082192,0,0.0027397,0.0027322,0.0027397
1600000US2240735,0.0054795,0,0,0,0,0.0082192,0,0,0,0,0.010959,0,0,0.016438,0,0,0.0027397,0,0.0027397,0,0.0054795,0,0.019178,0,0.0054795,0,0,0,0,0,0,0,0,0,0,0.0027322,0,0.019178,0,0,0,0,0.0027397,0,0
1600000US2255000,0.013699,0,0,0,0,0,0,0,0.0027397,0,0.0054795,0,0.0054795,0.0027397,0.0027397,0,0,0.0082192,0.0027397,0.0027322,0.013699,0,0.0054795,0.0054645,0.0082192,0.0027397,0,0.0027322,0,0,0.0027397,0,0,0.0027397,0.0027397,0,0,0.016438,0,0.0054645,0,0,0.0054795,0,0
1600000US2270000,0.0082192,0.0054795,0,0,0.0027397,0.0054795,0,0.0027322,0,0,0,0,0,0.0082192,0.010959,0,0,0,0,0,0.0027397,0,0.0082192,0.0054645,0.0082192,0,0.0027397,0.0027322,0,0,0.0027397,0.0027322,0,0.0027397,0,0,0.0027397,0.0082192,0,0.010929,0,0,0,0,0
1600000US2507000,0,0,0,0,0,0,0,0,0,0,0,0.0054645,0,0,0,0,0,0,0,0,0.0027397,0,0,0,0,0,0,0,0,0,0,0,0,0,0.0027397,0,0.0027397,0,0,0,0,0.0027397,0,0,0
1600000US2511000,0,0,0,0,0,0,0,0,0,0,0,0.0054645,0,0,0,0,0,0,0,0,0.0054795,0,0,0,0,0,0,0,0,0,0,0,0,0,0,0,0.0027397,0,0,0,0,0.0027397,0,0,0
1600000US2537000,0,0,0,0,0,0,0,0,0,0,0,0.0054645,0,0,0,0,0,0,0,0,0,0,0,0,0,0,0,0,0,0,0,0,0,0,0.0027397,0,0,0,0,0,0,0.0027397,0,0,0
1600000US2567000,0,0,0,0,0,0,0,0.0027322,0,0,0,0.0054645,0.0027397,0,0,0,0,0,0,0,0,0,0,0,0,0,0,0,0,0,0,0.0027322,0,0,0.0054795,0,0.0027397,0,0,0,0,0.0027397,0,0,0
1600000US2582000,0,0,0,0,0,0,0,0.0027322,0,0,0,0.0054645,0,0,0,0,0,0,0,0,0.0054795,0,0,0,0,0,0,0,0,0,0,0,0,0,0.0027397,0,0.0027397,0,0,0,0,0.0027397,0,0,0
1600000US2404000,0,0,0,0,0,0,0,0.0027322,0,0,0,0,0,0.0054795,0,0,0,0,0,0,0,0,0,0,0,0,0,0,0,0,0,0,0,0,0.0054795,0,0,0,0.0027397,0,0.0027397,0,0,0,0
1600000US2360545,0,0,0,0,0,0,0,0,0,0,0,0.0054645,0,0,0,0,0,0,0,0,0,0,0,0,0,0,0,0,0.0027397,0,0,0,0,0,0,0,0,0,0,0,0,0,0,0,0
1600000US2603000,0,0,0,0.0027322,0,0,0,0,0,0,0,0.0027322,0,0,0,0,0,0,0,0.0054645,0,0,0,0,0,0.0027397,0,0,0,0,0,0,0,0,0,0.0027322,0,0,0,0,0,0,0,0,0
1600000US2622000,0,0,0,0.0027322,0,0,0,0,0,0,0,0,0,0,0,0,0,0,0,0,0,0,0,0,0.0027397,0,0,0,0,0,0,0,0,0,0,0,0,0,0,0,0,0,0,0,0
1600000US2634000,0,0,0,0,0,0,0,0.0027322,0,0,0,0,0,0.0027397,0,0,0,0,0,0.0027322,0,0,0.0027397,0,0,0,0,0,0,0,0,0,0,0,0,0,0,0,0,0,0,0,0,0,0
1600000US2646000,0,0,0,0.0027322,0,0,0,0,0,0,0,0.0027322,0,0,0,0,0,0,0,0.0054645,0,0,0,0,0,0,0,0,0,0,0,0,0,0,0,0,0,0,0,0,0.0054795,0,0,0,0
1600000US2676460,0,0,0,0.0027322,0,0,0,0,0,0,0,0,0,0,0,0,0,0,0,0.0054645,0,0,0,0,0.0027397,0,0,0,0,0,0,0,0,0,0,0,0,0,0,0,0,0,0,0,0
1600000US2684000,0,0,0,0.0027322,0,0,0,0,0,0,0,0,0,0,0,0,0,0,0,0.0054645,0,0,0,0,0.0027397,0,0,0,0,0,0,0,0,0,0,0,0,0,0,0,0,0,0,0,0
1600000US2743000,0,0,0,0,0,0,0,0,0,0,0,0,0.0054795,0.0027397,0.0027397,0,0,0,0,0,0,0,0,0.016393,0,0,0,0,0,0,0,0,0,0,0.013699,0,0.0082192,0,0.0054795,0,0,0,0,0,0
1600000US2754880,0,0,0.0054795,0,0.0027397,0,0,0,0,0,0,0,0.0027397,0.0027397,0,0,0,0,0,0,0,0,0,0.0054645,0,0,0,0,0,0,0,0,0,0,0.0027397,0,0.0054795,0,0,0,0,0,0,0,0
1600000US2758000,0,0,0,0,0,0,0,0,0,0,0,0,0.0054795,0.0027397,0,0,0,0,0,0,0,0,0,0.0027322,0,0,0,0,0,0,0,0,0,0,0.0027397,0,0.0082192,0,0.0054795,0,0,0,0,0,0
1600000US2915670,0,0,0,0.0027322,0,0,0,0,0,0,0,0,0,0,0,0,0,0,0,0,0,0,0.0027397,0,0,0,0,0,0.0054795,0,0.0054795,0,0.0082192,0,0,0,0,0,0,0,0,0,0,0,0
1600000US2935000,0,0,0,0.0027322,0,0.0027397,0,0,0,0,0,0,0.0027397,0,0,0,0,0,0,0.0027322,0,0,0.0027397,0,0,0,0,0,0,0,0,0.0027322,0.0027397,0.0027397,0,0,0,0,0,0,0,0,0.0027397,0.0027322,0
1600000US2938000,0,0,0,0.0027322,0,0.0027397,0,0,0,0,0,0,0,0,0,0,0,0,0,0.0027322,0,0,0.0027397,0,0,0,0,0,0,0,0,0.0027322,0,0,0,0,0,0,0,0,0,0,0.0027397,0.0027322,0
1600000US2970000,0,0.0027397,0,0.0027322,0.0027397,0.0027397,0,0,0,0,0.0027397,0,0,0.0027397,0,0,0.0027397,0,0,0,0.0027397,0,0.0027397,0.0027322,0,0,0,0,0,0,0,0,0.0054795,0,0,0,0,0,0,0,0.0027397,0,0,0,0
1600000US2965000,0,0,0,0.0027322,0,0,0,0,0,0,0,0,0,0,0,0,0,0,0,0,0,0,0.0027397,0,0,0,0,0,0,0,0,0,0.013699,0,0,0,0,0,0,0,0,0,0,0,0
1600000US2836000,0,0.0054795,0,0,0,0.010959,0,0,0,0,0,0,0,0.016438,0.0054795,0,0,0.013699,0.0027397,0,0,0,0.0027397,0,0,0,0,0,0,0,0,0,0,0,0,0,0,0.019178,0,0.0027322,0.0082192,0,0,0.0027322,0
1600000US3006550,0.0082192,0,0,0,0,0,0.0054795,0,0.0027397,0,0,0,0,0,0.0082192,0.0027322,0,0,0.0054795,0.0054645,0,0,0,0,0,0,0,0.0027322,0,0,0,0,0,0,0,0.0054645,0,0,0,0.0027322,0,0,0,0,0
1600000US3712000,0,0,0,0,0,0,0,0.0027322,0,0,0.0027397,0,0,0.0027397,0,0.0027322,0,0,0,0,0,0,0,0,0,0,0,0,0,0,0,0.0027322,0,0,0,0,0,0,0.0054795,0,0,0,0,0,0
1600000US3719000,0,0,0,0,0,0,0,0.0027322,0,0,0,0,0,0.0027397,0,0,0,0.0027397,0,0,0,0,0,0,0,0,0.0082192,0,0,0,0,0.0054645,0,0,0.0027397,0.0027322,0,0,0,0,0.0054795,0,0,0,0
1600000US3722920,0,0,0,0,0,0,0.0027397,0,0,0,0.0054795,0,0,0.0027397,0,0,0,0,0,0,0,0.0054795,0,0,0,0,0.010959,0,0,0,0,0.0027322,0,0,0,0.0054645,0,0,0,0,0,0,0,0.0027322,0.0027397
1600000US3728000,0,0,0,0,0,0,0,0.0054645,0,0,0,0,0,0.0027397,0,0.0027322,0,0,0,0,0,0,0,0,0,0.0027397,0.010959,0,0,0,0,0.0054645,0,0,0,0,0,0,0.0027397,0,0,0,0.0027397,0,0
1600000US3731400,0.0027397,0,0,0,0,0,0,0.0027322,0,0,0,0,0,0.0027397,0,0.0027322,0,0,0,0,0,0,0,0,0,0,0.010959,0,0,0,0,0.0054645,0,0,0,0,0,0,0.0027397,0,0,0,0,0,0
1600000US3755000,0,0,0,0,0,0,0.0027397,0.0027322,0,0,0,0,0,0.0027397,0,0,0,0.0027397,0,0,0,0.0027397,0,0,0,0,0,0,0,0,0,0.0027322,0,0,0.0027397,0.0027322,0,0,0,0,0.0054795,0,0,0,0
1600000US3774440,0,0,0,0,0,0,0.0027397,0.0027322,0.0082192,0,0,0,0,0,0.0027397,0,0,0,0.0027397,0,0,0.0054795,0,0,0,0,0,0,0,0,0,0,0,0,0,0,0,0,0,0,0.0082192,0.0027397,0,0,0
1600000US3775000,0.0027397,0,0.0027397,0,0,0,0,0.0027322,0,0,0,0,0,0.0027397,0,0.0027322,0,0,0,0,0,0,0,0,0,0,0,0,0,0,0,0.0027322,0,0,0,0,0,0.0027397,0.0027397,0,0,0,0.0027397,0,0
1600000US3825700,0,0,0,0,0,0,0.0054795,0,0,0,0,0,0,0.0082192,0,0,0,0,0,0,0,0,0,0.0027322,0,0,0,0,0,0,0,0,0,0,0.0054795,0,0,0,0,0,0,0,0,0,0
1600000US3128000,0,0.0027397,0.0027397,0,0,0,0,0,0.0054795,0,0,0,0,0,0,0,0,0,0,0.0027322,0,0,0.0027397,0,0.0054795,0,0,0,0,0.0027397,0.0027397,0,0.0027397,0.0027397,0,0,0,0,0,0,0,0.0027397,0.0027397,0.0054645,0
1600000US3137000,0,0.0027397,0.0027397,0,0,0,0,0,0.0054795,0,0,0,0.0027397,0,0,0,0,0,0,0,0,0,0,0,0.0027397,0,0,0,0,0.0054795,0,0,0,0.0027397,0,0.0081967,0,0,0,0,0,0,0.0027397,0.0027322,0
1600000US3345140,0,0,0,0,0,0,0,0,0,0,0,0.0054645,0,0,0,0,0,0,0,0,0,0,0,0,0,0,0,0,0,0.0027397,0,0,0,0,0.0027397,0,0,0,0,0,0,0,0,0,0.0027397
1600000US3421000,0,0,0,0,0,0,0,0,0,0,0,0.0027322,0,0,0,0,0,0,0,0,0.0054795,0,0,0,0,0,0,0.0027322,0,0,0,0,0.0027397,0,0.0027397,0,0,0,0,0,0,0.0027397,0,0,0
1600000US3436000,0,0,0,0,0,0,0,0,0,0,0,0.0027322,0,0,0,0,0,0,0,0,0,0,0,0,0,0,0,0.0027322,0,0,0,0,0.0027397,0,0,0,0,0,0,0,0,0.0027397,0,0,0.0027397
1600000US3451000,0,0,0,0,0,0,0,0,0,0,0,0.0027322,0,0,0,0,0,0,0,0,0,0,0,0,0,0,0,0,0,0,0,0,0.0027397,0,0.010959,0,0,0,0,0,0,0.0027397,0,0,0.0027397
1600000US3457000,0,0,0,0,0,0,0,0,0,0,0,0.0027322,0,0,0,0,0,0,0,0,0,0,0,0,0,0,0,0.0027322,0,0,0,0,0.0027397,0,0.0027397,0,0,0,0,0,0,0.0027397,0,0,0.0027397
1600000US3502000,0.0027397,0,0,0.0027322,0,0,0,0.0081967,0,0.0054795,0.0027397,0,0,0.0027397,0.019178,0,0.0027397,0,0,0.0027322,0,0.0027397,0.019178,0,0,0,0,0,0,0,0.0054795,0,0,0,0,0,0,0.0027397,0,0.0054645,0.0027397,0.0054795,0,0.0027322,0
1600000US3231900,0,0.0054795,0,0,0.0027397,0,0.019178,0.010929,0,0,0,0.0081967,0,0,0.010959,0,0,0,0.0082192,0,0.019178,0.0082192,0.0027397,0,0.0027397,0.0082192,0,0.010929,0,0,0.0054795,0,0.010959,0.0027397,0.0027397,0.010929,0.0027397,0,0.013699,0.0081967,0.0082192,0,0,0.010929,0.027397
1600000US3240000,0.0027397,0.0054795,0,0,0,0,0.010959,0,0,0.0027397,0,0.0027322,0,0.0054795,0.019178,0,0,0.010959,0.013699,0,0.010959,0.0082192,0,0,0.0027397,0.0082192,0,0.0054645,0,0,0,0,0.0082192,0.0082192,0.0027397,0.0054645,0,0.0027397,0,0.010929,0,0,0,0.0054645,0.0027397
1600000US3251800,0.0027397,0,0,0,0.0027397,0.0027397,0.013699,0,0,0,0,0,0,0,0.016438,0,0,0.0054795,0.013699,0,0.0054795,0.0082192,0.0027397,0,0.0027397,0.0082192,0,0.0081967,0.0027397,0,0,0.0027322,0.0027397,0,0.010959,0.0054645,0,0,0,0.0081967,0,0,0.0027397,0.0054645,0.0027397
1600000US3260600,0,0,0,0,0,0,0,0.0027322,0.0054795,0,0.0027397,0.0054645,0,0,0.0054795,0,0,0.0054795,0.0027397,0,0,0.0027397,0,0.0027322,0,0,0,0.0054645,0,0.0027397,0,0.0027322,0.0027397,0.010959,0.0027397,0,0.0027397,0.0054795,0.0082192,0.0054645,0,0.0027397,0.024658,0.0027322,0.0082192
1600000US3611000,0,0,0,0,0,0,0,0,0,0,0,0,0,0,0,0,0,0,0,0,0,0,0,0,0,0,0,0,0,0,0,0,0,0,0,0,0,0,0,0,0,0.0027397,0,0,0
1600000US3651000,0,0,0,0,0,0,0,0,0,0,0,0.0027322,0,0,0,0,0,0,0,0,0,0,0,0,0,0,0,0.0027322,0,0,0,0,0.0027397,0,0,0,0,0,0,0,0,0.0027397,0,0,0.0027397
1600000US3663000,0,0,0,0,0,0,0,0,0,0,0,0,0,0,0,0,0,0.0054795,0,0,0,0.0027397,0,0,0,0,0,0,0,0,0,0,0,0,0,0,0,0,0,0,0,0,0,0,0
1600000US3673000,0,0,0,0,0,0,0,0,0,0,0,0,0,0,0,0,0,0.0054795,0,0,0,0.0054795,0,0,0,0,0,0,0,0,0,0,0.0082192,0,0,0,0,0,0,0,0,0,0,0,0
1600000US3684000,0,0,0,0,0,0,0,0,0,0,0,0.0027322,0,0,0,0,0,0,0,0,0,0,0,0,0,0,0,0.0054645,0,0.0027397,0,0,0.0027397,0,0.010959,0,0,0,0,0,0,0.0027397,0,0,0.0027397
1600000US3901000,0,0,0,0,0,0,0,0,0,0,0,0,0,0,0,0,0,0,0,0,0,0,0,0,0,0,0,0,0.0027397,0,0,0,0,0,0,0,0,0,0,0,0,0,0,0,0
1600000US3915000,0.0027397,0.0027397,0,0,0,0,0,0,0,0,0,0.0027322,0.010959,0.0027397,0.0054795,0,0,0,0,0,0,0,0,0,0,0,0,0,0,0,0,0.0027322,0,0,0.0027397,0,0,0,0,0,0,0,0.010959,0,0
1600000US3916000,0,0,0,0,0,0,0,0,0,0,0,0.0054645,0,0,0,0,0,0,0,0,0,0,0,0,0,0,0,0,0,0,0,0,0,0,0,0,0,0,0,0,0,0,0,0,0
1600000US3918000,0,0.0027397,0,0,0,0,0,0,0,0,0,0,0,0,0,0,0,0,0,0,0,0,0,0,0,0,0.0027397,0,0,0,0,0.0027322,0,0,0,0,0,0,0.0027397,0,0,0,0,0,0
1600000US3921000,0.0027397,0.0027397,0,0,0,0,0,0,0,0,0,0,0,0,0,0,0,0,0,0,0,0,0,0,0,0,0.0027397,0,0,0,0,0.0027322,0,0,0.0027397,0,0,0,0.0027397,0,0,0,0.0027397,0,0
1600000US3977000,0,0,0,0.0027322,0,0,0,0,0,0,0,0,0,0,0,0,0,0,0,0,0,0,0,0,0,0,0,0,0,0,0,0,0,0,0,0.0027322,0,0,0,0,0,0,0,0,0
1600000US4052500,0.0082192,0.021918,0,0,0,0,0,0,0.013699,0,0,0,0.0027397,0,0,0,0,0,0,0,0,0,0,0.0054645,0.0054795,0,0,0,0,0,0.0054795,0,0,0.0027397,0,0,0,0,0,0,0,0,0,0,0
1600000US4055000,0.010959,0.0082192,0,0,0,0,0,0,0.013699,0,0,0.0027322,0.0027397,0.0027397,0,0.0027322,0,0,0,0,0,0,0,0.0054645,0.0054795,0,0,0,0,0,0.010959,0,0,0.0027397,0,0.0027322,0,0,0,0,0,0,0,0,0
1600000US4075000,0,0.0082192,0.0054795,0.0027322,0,0.0054795,0.0027397,0,0,0,0.0054795,0,0.0027397,0,0,0,0.0054795,0,0,0,0,0,0.0027397,0.0027322,0,0,0,0.0027322,0,0,0.013699,0.0027322,0.0027397,0.0027397,0,0,0,0,0,0,0,0,0,0,0
1600000US4123850,0,0,0,0,0,0.0082192,0,0.0027322,0,0.010959,0.0054795,0.0054645,0.0054795,0,0,0,0.0082192,0.0054795,0,0,0,0.027397,0.0027397,0.0027322,0,0,0,0.0081967,0.019178,0.019178,0.019178,0,0,0.0027397,0,0,0.0027397,0.0027397,0.024658,0,0.0027397,0.013699,0,0.0054645,0.0082192
1600000US4131250,0.0027397,0,0.0027397,0,0,0.0054795,0,0,0.0027397,0,0.0027397,0,0.0027397,0,0.0082192,0,0,0.0027397,0,0,0.0027397,0.021918,0.0027397,0.0027322,0.013699,0.0027397,0.0027397,0,0,0.013699,0.0027397,0,0,0.0027397,0.0027397,0,0,0.0027397,0.0027397,0.0054645,0.0027397,0,0,0,0
1600000US4159000,0.0027397,0,0,0,0,0.0027397,0,0.0027322,0.0027397,0,0.0027397,0.0027322,0.0027397,0,0,0,0,0.0054795,0.0027397,0,0.0027397,0.0082192,0.0027397,0.0027322,0.0082192,0,0.010959,0,0,0.019178,0,0,0,0.0082192,0,0,0,0.0027397,0.0027397,0.0027322,0.0027397,0.0027397,0,0,0
1600000US4164900,0,0,0,0,0,0.0054795,0,0.0054645,0,0,0.0054795,0,0.0027397,0,0,0,0,0.0027397,0.0027397,0,0.0027397,0.021918,0.0054795,0.0054645,0.0027397,0,0,0.0027322,0.019178,0.013699,0,0,0,0,0,0,0,0.0027397,0.0082192,0.010929,0.0027397,0.0027397,0.0082192,0,0
1600000US4202000,0,0,0,0,0,0,0,0,0,0,0,0.0027322,0,0,0,0,0,0,0,0,0,0,0,0,0,0,0,0,0,0,0,0,0,0,0.010959,0,0,0,0,0,0,0,0.0027397,0,0
1600000US4260000,0,0,0,0,0,0,0,0,0,0,0,0.0027322,0,0,0,0,0,0,0,0,0,0,0,0,0,0,0,0,0,0,0,0,0,0,0,0,0,0,0,0,0.0027397,0.0027397,0,0,0
1600000US4261000,0,0,0,0,0,0,0,0,0,0,0,0,0,0,0,0,0,0,0,0,0,0,0,0,0,0,0,0,0,0,0,0,0,0,0,0,0,0,0,0,0,0,0,0,0
1600000US4459000,0,0,0,0,0,0,0,0,0,0,0,0.0054645,0,0,0,0,0,0,0,0,0.0054795,0,0,0,0,0,0,0,0,0,0,0,0,0,0,0,0.0027397,0,0,0,0,0.0027397,0,0,0
1600000US4513330,0,0,0,0,0,0,0.0082192,0.0054645,0.0082192,0.0054795,0,0.0027322,0,0,0,0,0,0,0.0027397,0,0,0.0054795,0,0,0,0,0,0,0.0054795,0,0,0,0,0,0.0054795,0,0,0,0,0,0,0.0027397,0,0,0.0054795
1600000US4516000,0,0,0,0,0,0,0.0027397,0.0027322,0,0,0.0027397,0,0,0.0027397,0,0,0,0,0,0,0,0.0027397,0,0,0,0,0,0.0027322,0,0,0,0,0,0,0,0.0054645,0,0,0,0,0.0027397,0.0027397,0,0,0.0027397
1600000US4659020,0,0,0,0,0.0027397,0,0,0,0.016438,0,0,0,0,0,0,0,0,0,0,0,0,0,0,0.0027322,0.0054795,0,0,0,0,0,0,0,0,0,0.010959,0,0.0082192,0,0.0027397,0,0,0,0,0,0
1600000US4714000,0,0.0027397,0,0,0,0.0027397,0,0.0027322,0,0,0,0,0,0.0054795,0.0054795,0.0027322,0,0,0.0027397,0.0027322,0,0,0,0,0,0,0.0027397,0,0,0.0027397,0,0.0054645,0,0,0,0.0054645,0,0,0.0027397,0.0054645,0,0,0,0.0027322,0
1600000US4715160,0.0027397,0,0,0,0,0.0054795,0,0,0,0,0,0,0,0,0.0027397,0.0027322,0,0,0,0,0.0027397,0,0,0,0.0054795,0,0.0027397,0.0027322,0,0,0,0,0,0,0.0082192,0,0,0,0.0027397,0,0,0,0,0,0
1600000US4740000,0,0,0,0,0,0,0,0.0054645,0,0,0,0,0,0.0027397,0.0054795,0,0,0,0,0,0,0,0,0,0,0,0.0027397,0,0,0.0054795,0,0.0027322,0,0,0,0,0.0027397,0,0.0054795,0.0027322,0,0,0,0,0.0082192
1600000US4748000,0.0027397,0,0,0,0.0027397,0.0027397,0,0,0,0,0,0.0027322,0,0,0.0027397,0,0.0027397,0,0,0,0,0,0,0,0.0082192,0,0,0,0,0,0,0,0,0,0,0,0.0027397,0,0,0,0.0027397,0,0,0.0027322,0.0027397
1600000US4751560,0,0,0,0,0,0.0027397,0,0,0,0,0,0.0027322,0,0.0027397,0.0027397,0,0,0,0,0,0,0,0,0,0.0027397,0,0,0,0,0,0,0,0,0,0,0,0,0,0.0027397,0,0,0,0,0,0
1600000US4801000,0.0027397,0.0054795,0.0082192,0,0,0.0027397,0.010959,0.0054645,0.0054795,0,0,0.0054645,0,0,0,0,0,0.0027397,0,0.0027322,0.019178,0,0.0027397,0.0081967,0.0082192,0,0,0,0.0082192,0,0.0054795,0.0027322,0,0.0027397,0.0027397,0.0027322,0,0,0,0.0081967,0,0.0027397,0.0082192,0,0
1600000US4803000,0.0082192,0.010959,0.0027397,0.0027322,0,0.0054795,0,0,0,0,0.010959,0.0054645,0.0027397,0,0,0.0027322,0,0,0,0.0027322,0.0027397,0,0.019178,0,0.0082192,0,0,0,0,0,0,0,0.0082192,0,0,0,0,0.016438,0.0027397,0.0027322,0.0027397,0.0027397,0.013699,0,0
1600000US4804000,0.0082192,0.010959,0,0,0,0,0.0082192,0,0.010959,0,0,0,0,0,0.0054795,0,0,0,0,0,0.0054795,0,0.013699,0,0,0,0,0.0027322,0,0,0.0054795,0,0,0.0027397,0,0.0054645,0,0,0.0027397,0,0.0027397,0,0.0082192,0,0
1600000US4805000,0,0,0,0,0,0,0.013699,0,0,0,0.016438,0,0,0,0.0054795,0,0,0.021918,0,0.0027322,0.0082192,0,0.024658,0.013661,0.0054795,0,0.0054795,0.0054645,0,0,0.016438,0,0,0.0054795,0,0.010929,0,0,0,0.010929,0,0,0.0027397,0,0
1600000US4807000,0.0054795,0.0027397,0,0,0.0027397,0.0054795,0,0,0,0,0.0054795,0.0027322,0.0027397,0,0,0.0054645,0.0027397,0.0082192,0,0,0.019178,0,0.019178,0.0054645,0.0082192,0,0,0,0,0,0.0027397,0,0,0.0054795,0,0.010929,0,0.0027397,0,0.0054645,0,0,0.0027397,0,0
1600000US4810768,0,0,0,0,0,0.021918,0.013699,0,0,0,0.013699,0.0027322,0,0,0.013699,0.0054645,0,0.016438,0.0082192,0.0081967,0.0082192,0,0.0027397,0.0027322,0.0082192,0,0,0.0027322,0,0.013699,0.0027397,0.0027322,0.0027397,0,0,0.0054645,0.0082192,0,0,0,0.0027397,0,0.0054795,0.0054645,0.0054795
1600000US4813024,0.016438,0.0054795,0,0,0,0,0.0054795,0.0027322,0.010959,0,0.0027397,0,0,0,0.0054795,0,0,0,0,0,0.0027397,0,0.010959,0,0,0,0,0.0027322,0,0,0.0054795,0,0,0,0,0.0054645,0,0,0,0,0.0054795,0,0.0027397,0.0027322,0
1600000US4817000,0,0.0027397,0,0.0027322,0.0027397,0.021918,0.010959,0,0,0,0.016438,0,0,0,0.010959,0,0,0.019178,0.0027397,0.0054645,0.0082192,0,0.0082192,0.0054645,0.010959,0,0,0.0081967,0,0.0027397,0.0027397,0.0027322,0.0027397,0.010959,0.0027397,0.016393,0,0,0,0.010929,0.0027397,0,0,0,0
1600000US4819000,0.013699,0.0027397,0,0,0,0,0.0082192,0.0054645,0.010959,0,0,0,0,0,0.0054795,0,0,0,0,0,0.0027397,0,0.016438,0,0,0,0,0.0027322,0,0,0.0054795,0,0,0.0027397,0,0.0054645,0,0,0,0,0.0054795,0,0.0027397,0,0
1600000US4819972,0.0082192,0.0082192,0,0,0,0,0.0082192,0.0054645,0.016438,0,0,0,0,0,0.0054795,0,0,0,0,0,0.0027397,0,0.010959,0,0,0,0,0.0027322,0,0,0,0.0027322,0,0,0,0.0027322,0,0,0,0,0.0027397,0,0.0082192,0.0027322,0
1600000US4824000,0,0.013699,0,0.0027322,0,0,0.0027397,0.0027322,0,0.0082192,0,0,0,0.016438,0.0082192,0.0027322,0,0,0.0027397,0,0.016438,0,0,0.0027322,0.0054795,0.0027397,0,0,0,0,0,0.010929,0,0.0027397,0.0027397,0.0054645,0,0,0,0.016393,0.021918,0.0054795,0,0.0081967,0
1600000US4827000,0.010959,0.0082192,0,0,0,0,0.0082192,0.0054645,0.010959,0,0.0027397,0,0,0,0.0054795,0,0,0,0,0,0.010959,0,0.013699,0,0,0,0,0.0027322,0,0,0.0054795,0,0,0.0027397,0,0.0054645,0,0,0,0,0.0027397,0,0.0082192,0.0027322,0
1600000US4827684,0.016438,0.0027397,0,0.0027322,0,0,0.0054795,0,0.0054795,0,0.0027397,0,0,0,0.0054795,0,0,0,0,0,0,0,0.010959,0,0,0,0,0,0,0,0.0054795,0,0,0,0,0.0027322,0.0027397,0,0,0,0.0054795,0.0082192,0.0054795,0.0027322,0
1600000US4829000,0.016438,0,0.0027397,0.0027322,0,0,0.0082192,0.0054645,0.010959,0,0,0,0,0,0.0054795,0,0,0,0,0,0.0027397,0,0.013699,0,0.0027397,0,0,0.0027322,0,0,0.0054795,0.0027322,0,0,0,0.0054645,0,0,0,0,0.0054795,0,0.0027397,0.0027322,0
1600000US4830464,0.010959,0.0027397,0,0,0,0,0.0082192,0.0054645,0.010959,0,0,0,0,0,0.0054795,0,0,0,0,0,0.0054795,0,0.013699,0,0,0,0,0.0027322,0,0,0.0054795,0,0,0.0027397,0,0.0054645,0,0,0.0027397,0,0.0054795,0,0.0082192,0,0
1600000US4835000,0,0,0,0.0027322,0,0.0082192,0.010959,0,0,0,0.013699,0.0027322,0,0,0.0054795,0.0054645,0.0027397,0.019178,0,0.0054645,0.010959,0,0.019178,0.0054645,0.0082192,0,0,0,0,0.0027397,0.010959,0,0,0.0027397,0.0027397,0.0081967,0,0,0,0.0081967,0,0,0.0027397,0,0
1600000US4837000,0.013699,0,0,0,0,0,0.0082192,0.0054645,0.010959,0,0,0,0,0,0.0054795,0,0,0,0,0,0.0054795,0,0.010959,0,0.0027397,0,0,0.0027322,0,0,0.0054795,0,0,0.0027397,0,0.0054645,0,0,0.0027397,0,0.0054795,0,0.0054795,0,0
1600000US4839148,0.0054795,0,0,0,0,0,0.010959,0,0,0,0,0,0,0,0.0054795,0,0,0.021918,0,0.0054645,0.0054795,0,0.021918,0.0027322,0.0054795,0,0,0.0054645,0,0,0.0082192,0,0,0,0,0.0081967,0,0,0,0,0.0054795,0,0.013699,0,0
1600000US4841464,0,0,0,0,0,0.010959,0.013699,0,0,0,0,0.0027322,0,0,0.010959,0.0054645,0,0.021918,0,0.0027322,0.0082192,0.0027397,0,0.0054645,0.013699,0,0,0.0081967,0,0.0027397,0.0027397,0.0027322,0,0.0054795,0,0.0027322,0,0.0027397,0.0027397,0.0081967,0.0054795,0,0,0,0.0027397
1600000US4845000,0.0054795,0,0,0.0027322,0,0,0.0027397,0,0,0,0.0027397,0,0,0.0082192,0,0,0,0,0,0,0,0,0.0027397,0,0.019178,0,0,0,0,0,0.0054795,0.0027322,0,0,0,0.0027322,0,0,0,0,0.0054795,0.0027397,0.016438,0,0.0054795
1600000US4845384,0,0,0,0.0081967,0.0027397,0.013699,0.021918,0,0,0,0.010959,0.0027322,0,0,0.016438,0.0027322,0,0.024658,0,0.0027322,0.0027397,0,0.0027397,0.0027322,0.0054795,0,0,0.0027322,0,0.0054795,0,0.0027322,0.0027397,0,0.0027397,0,0.0027397,0,0,0,0.0027397,0,0.0027397,0.0054645,0.0054795
1600000US4845744,0.016438,0.0027397,0.0027397,0.0027322,0,0,0.0054795,0,0.010959,0,0.0027397,0,0,0,0.0054795,0,0,0,0,0,0,0,0.0054795,0,0,0,0,0,0,0,0.0054795,0.0027322,0,0,0,0.0027322,0,0,0,0,0.0027397,0.0027397,0.0054795,0.0027322,0
1600000US4847892,0.013699,0,0,0,0,0,0.0082192,0.0054645,0.010959,0,0,0,0,0,0.0054795,0,0,0,0,0,0.0027397,0,0.016438,0,0.0027397,0,0,0.0027322,0,0,0.0054795,0.0027322,0,0.0027397,0,0.0054645,0,0,0,0,0.0054795,0,0,0,0
1600000US4848072,0.0054795,0.0027397,0,0,0,0,0.021918,0.013661,0.0027397,0,0.0027397,0,0,0.010959,0.0054795,0,0,0.0027397,0,0.010929,0.013699,0.0054795,0.0054795,0,0.010959,0.0027397,0.0054795,0,0,0.0027397,0.010959,0.013661,0,0,0,0.0027322,0.0027397,0,0,0.013661,0.024658,0.0054795,0.0027397,0.0054645,0
1600000US4856000,0.0027397,0,0,0.0027322,0,0.010959,0.010959,0,0,0,0.010959,0.0027322,0,0,0.0027397,0.0054645,0.0027397,0.010959,0,0,0.010959,0,0.019178,0.0054645,0.0027397,0,0,0,0,0,0.021918,0,0,0.0082192,0.0027397,0.010929,0,0.0027397,0,0.0081967,0,0,0.0082192,0,0
1600000US4858016,0.013699,0.0027397,0.0054795,0.0027322,0,0,0.0082192,0,0.010959,0,0.0027397,0,0,0,0.0054795,0,0,0,0,0,0.0027397,0,0.013699,0,0.0054795,0,0,0,0,0,0.0054795,0.0027322,0,0,0,0.0027322,0,0,0,0,0.0054795,0.0082192,0.0054795,0.0027322,0
1600000US4865000,0,0.0027397,0,0.0027322,0,0.0054795,0.013699,0,0,0,0.0054795,0,0,0,0,0,0,0.021918,0,0.0054645,0.0082192,0,0.013699,0.016393,0.0054795,0,0.0027397,0.0054645,0,0,0.016438,0.0027322,0,0.0027397,0,0.010929,0,0,0,0.0054645,0,0,0,0,0
1600000US4876000,0.0082192,0,0,0,0,0,0.0054795,0,0,0,0,0,0,0,0.0054795,0,0,0,0,0.0027322,0.0082192,0,0.013699,0,0.0027397,0,0,0.0054645,0,0,0.0082192,0,0,0.0027397,0,0.0054645,0,0,0,0.0054645,0,0,0.013699,0,0
1600000US4879000,0.0054795,0.021918,0,0,0,0.0027397,0,0.0027322,0.0027397,0,0,0,0.0027397,0,0,0.0027322,0,0,0,0,0,0.0027397,0.0054795,0.0054645,0.0027397,0,0,0,0,0,0.010959,0,0,0.0027397,0.0027397,0.0027322,0,0,0,0.0027322,0.0027397,0,0.0027397,0,0
1600000US4962470,0,0,0,0,0,0,0.0054795,0.0054645,0.0082192,0.0082192,0.013699,0,0,0,0,0,0.0027397,0.0082192,0.0027397,0,0,0.0027397,0,0.0027322,0.0082192,0,0,0.0027322,0,0,0,0.0054645,0.0027397,0,0,0.0027322,0,0,0.0027397,0,0,0,0.0027397,0,0
1600000US4967000,0,0,0,0,0,0,0,0.0027322,0.0027397,0,0.013699,0.0027322,0,0,0,0,0.0027397,0.0082192,0.0027397,0,0,0,0,0.0027322,0,0,0,0,0,0,0,0.0054645,0.0027397,0,0,0.0027322,0,0,0,0,0,0,0,0,0
1600000US4982950,0,0,0,0,0,0,0.0054795,0,0.0054795,0,0.013699,0,0,0,0,0,0.0027397,0,0.0027397,0,0.0054795,0.0027397,0,0,0,0,0,0,0,0,0,0.0054645,0.0027397,0,0,0,0.0027397,0,0,0,0,0,0,0,0
1600000US4983470,0,0,0,0,0,0,0.0082192,0,0.0054795,0,0.010959,0.0027322,0,0,0,0,0,0,0,0,0.0054795,0,0,0,0,0,0,0,0,0,0,0.0054645,0.0027397,0,0,0,0.0027397,0,0,0,0,0,0,0,0
1600000US5101000,0,0,0,0,0,0,0,0.0027322,0,0,0,0,0,0.0054795,0,0,0,0,0,0,0,0,0,0,0,0,0.0027397,0,0,0,0,0,0,0,0,0,0,0.0027397,0.0027397,0,0.0082192,0,0.0027397,0,0
1600000US5116000,0,0,0,0,0,0,0,0,0,0,0,0.0027322,0,0,0,0,0,0.0027397,0,0,0.0027397,0.0027397,0,0,0,0,0,0,0,0,0,0.0027322,0,0,0,0,0,0,0,0,0.0027397,0,0,0,0
1600000US5135000,0,0,0,0,0,0,0,0,0,0,0,0.0027322,0,0,0,0.0027322,0,0.0027397,0,0,0.0027397,0.0027397,0,0,0,0,0,0,0,0,0,0,0,0,0,0,0,0,0,0,0.0027397,0,0,0,0
1600000US5156000,0,0,0,0,0,0,0,0,0,0,0,0.0027322,0,0,0,0.0027322,0,0.0027397,0,0,0.0027397,0.0027397,0,0,0,0,0,0,0,0,0,0,0,0,0,0,0,0,0,0,0.0027397,0.0027397,0,0,0
1600000US5157000,0,0,0,0,0,0,0,0,0,0,0,0.0027322,0,0,0,0,0,0.0027397,0,0,0.0027397,0.0027397,0,0,0,0,0,0,0,0,0,0.0027322,0,0,0,0,0,0,0,0,0.0027397,0,0,0,0
1600000US5167000,0,0,0,0,0,0,0,0.0027322,0,0,0,0,0,0,0,0,0,0,0,0,0.0054795,0.0027397,0,0,0,0.0027397,0.0027397,0,0,0,0,0,0,0,0,0,0,0,0.0027397,0,0.0054795,0,0,0,0
1600000US5182000,0,0,0,0,0,0,0,0,0,0,0,0,0,0,0,0,0,0.0027397,0,0,0.0027397,0.0054795,0,0,0,0,0,0,0,0,0,0.0027322,0,0,0,0.0027322,0,0,0,0,0.0027397,0,0,0,0
1600000US5010675,0,0,0,0,0,0,0,0,0,0,0,0,0,0,0,0,0,0,0,0,0,0.0027397,0,0,0,0,0.0027397,0,0,0,0,0,0.013699,0,0.0027397,0,0,0,0,0,0,0.0027397,0,0,0
1600000US5305210,0,0,0.0082192,0,0,0,0,0,0,0,0,0,0,0,0.0054795,0,0,0,0,0,0.0054795,0.010959,0,0.010929,0.0082192,0.010959,0.0027397,0.0027322,0,0.016438,0,0.0027322,0,0,0,0.0027322,0,0,0,0.0027322,0.0027397,0,0.0027397,0.0027322,0
1600000US5322640,0,0,0.0054795,0,0,0.0027397,0,0.0054645,0.0027397,0,0,0,0,0,0.0054795,0,0,0,0,0,0.0027397,0.0082192,0,0,0.0027397,0.010959,0,0,0,0.010959,0,0,0,0.0027397,0,0.0027322,0,0,0,0,0.0027397,0,0,0,0
1600000US5335415,0,0,0.0082192,0,0,0,0,0,0,0,0,0,0,0,0.0082192,0,0,0,0,0,0.0054795,0.010959,0,0.0054645,0.0027397,0.010959,0.0027397,0.0027322,0,0.021918,0,0.0054645,0,0.0054795,0,0.0027322,0,0,0,0,0.0027397,0,0.0027397,0.0027322,0
1600000US5363000,0,0,0.0082192,0,0,0,0,0.0054645,0,0,0,0,0.0027397,0,0.0054795,0,0,0,0,0,0.0054795,0.010959,0,0.010929,0.0054795,0.013699,0.0027397,0.0027322,0,0.021918,0,0.0027322,0,0.0027397,0,0.0027322,0,0,0,0.0027322,0.0027397,0,0.0027397,0.0054645,0
1600000US5367000,0,0,0,0,0,0.0054795,0.0027397,0,0,0.010959,0,0.0027322,0,0,0,0,0,0,0,0,0,0,0,0.0027322,0.0082192,0,0.0027397,0.0054645,0,0.027397,0.0027397,0,0.0027397,0,0,0,0,0,0,0,0,0,0,0,0
1600000US5370000,0,0,0.0082192,0,0,0.0027397,0,0.0027322,0,0,0,0,0.0027397,0,0,0,0,0.0027397,0.0027397,0,0.0027397,0.010959,0,0.013661,0.0027397,0.010959,0.0027397,0.0027322,0,0.032877,0,0,0,0.0054795,0,0.0027322,0,0,0.0027397,0,0.0027397,0,0.0027397,0.0054645,0
1600000US5374060,0.0027397,0,0,0,0,0.0027397,0,0.0027322,0,0.0027397,0.0027397,0,0.0027397,0,0.0082192,0,0,0.0054795,0,0,0.0027397,0.024658,0.0027397,0.0027322,0.013699,0,0,0,0,0.021918,0,0,0,0.0082192,0,0,0,0.0027397,0.0027397,0.0027322,0.0027397,0.0027397,0,0,0
1600000US5531000,0.0027397,0,0,0,0,0,0,0,0,0,0,0,0,0.0054795,0,0,0,0,0,0,0,0,0,0,0.0027397,0,0,0,0,0.0027397,0,0,0,0,0,0,0.0027397,0,0,0,0.0027397,0,0,0,0
1600000US5548000,0,0,0,0,0.0027397,0,0.0054795,0,0,0,0,0,0,0,0,0,0,0,0,0.0081967,0.0027397,0,0,0,0,0,0,0,0.0027397,0.0027397,0.0027397,0,0,0,0,0,0,0,0,0,0,0,0,0,0
1600000US5553000,0,0,0,0.0054645,0,0,0,0,0.0054795,0,0,0.0027322,0,0.0054795,0,0,0,0,0,0.0027322,0.0027397,0,0,0,0,0,0,0,0,0,0,0,0,0,0,0,0,0,0,0,0,0,0,0,0
1600000US5414600,0,0,0,0,0.0082192,0,0,0.0027322,0,0,0,0,0,0,0,0,0,0,0,0,0,0,0,0,0,0,0,0.0027322,0,0,0,0,0,0,0,0.0027322,0,0,0,0,0,0,0.0027397,0,0
1600000US5613900,0,0.0027397,0,0,0.0027397,0,0,0,0.0082192,0,0.0082192,0.0054645,0,0,0,0,0,0,0,0,0.010959,0.013699,0.0054795,0.0054645,0.0027397,0,0,0,0.0054795,0,0.0027397,0,0.0027397,0,0,0.013661,0,0,0,0.0054645,0,0,0,0.0027322,0
